{
    "id": "cmpl-8jFIpUV9kWB4HdMUKmMlDkOoOrV16",
    "object": "text_completion",
    "created": 1705794275,
    "model": "davinci-002",
    "choices": [
        {
            "text": " the sheer lack of ANYWHERE to meet people from the opposite sex. You said it was the most sensible. Cypr",
            "index": 0,
            "logprobs": {
                "tokens": [
                    " the",
                    " sheer",
                    " lack",
                    " of",
                    " ANY",
                    "WHERE",
                    " to",
                    " meet",
                    " people",
                    " from",
                    " the",
                    " opposite",
                    " sex",
                    ".",
                    " You",
                    " said",
                    " it",
                    " was",
                    " the",
                    " most",
                    " sensible",
                    ".",
                    " Cy",
                    "pr"
                ],
                "token_logprobs": [
                    -1.8618574,
                    -6.7649894,
                    -1.5933675,
                    -0.0094537195,
                    -6.696775,
                    -4.975814,
                    -0.59683573,
                    -3.6852214,
                    -1.3813763,
                    -5.3746853,
                    -1.5103513,
                    -2.2061849,
                    -0.08926791,
                    -0.78854764,
                    -4.2470365,
                    -8.045018,
                    -1.6353476,
                    -2.8848,
                    -3.016667,
                    -4.1618032,
                    -7.482353,
                    -4.968419,
                    -7.9901924,
                    -0.25322476
                ],
                "top_logprobs": [
                    {
                        " the": -1.8618574,
                        " that": -1.8696699,
                        " not": -2.8774824,
                        " finding": -3.0493574,
                        " to": -3.4556074
                    },
                    {
                        " lack": -1.901708,
                        " fact": -2.9642081,
                        " language": -3.0267081,
                        " heat": -4.1751456,
                        " weather": -4.182958
                    },
                    {
                        " lack": -1.5933675,
                        " amount": -2.0308676,
                        " number": -2.2183676,
                        " volume": -2.8121176,
                        " size": -3.7964926
                    },
                    {
                        " of": -0.0094537195,
                        " in": -7.0797663,
                        " and": -7.4547663,
                        " or": -7.7360163,
                        " on": -7.8766413
                    },
                    {
                        " things": -3.3491187,
                        " choice": -3.6069312,
                        " decent": -3.6694312,
                        " information": -3.9116187,
                        " good": -3.9819312
                    },
                    {
                        "THING": -1.8117511,
                        " kind": -2.8664386,
                        " decent": -3.2414386,
                        " form": -3.8430011,
                        " English": -3.8820636
                    },
                    {
                        " to": -0.59683573,
                        " TO": -2.526523,
                        " that": -2.8468356,
                        " I": -2.8468356,
                        " for": -3.214023
                    },
                    {
                        " go": -1.4742839,
                        " buy": -1.7242839,
                        " get": -2.4977214,
                        " eat": -3.0914714,
                        " drink": -3.4508464
                    },
                    {
                        " people": -1.3813763,
                        " other": -2.0220013,
                        " new": -2.5063763,
                        " women": -2.6157513,
                        " girls": -3.3345013
                    },
                    {
                        ".": -1.0153103,
                        ",": -2.3121853,
                        " my": -2.9215603,
                        ".\n\n": -2.9371853,
                        " and": -3.1090603
                    },
                    {
                        " the": -1.5103513,
                        " other": -1.4947263,
                        " outside": -2.5103512,
                        " my": -2.6509762,
                        " different": -2.7134762
                    },
                    {
                        " opposite": -2.2061849,
                        " UK": -0.80774724,
                        " same": -2.9171224,
                        " other": -3.5264974,
                        " outside": -3.7686849
                    },
                    {
                        " sex": -0.08926791,
                        " gender": -3.0033305,
                        " (": -5.0423927,
                        " s": -5.78458,
                        " or": -6.00333
                    },
                    {
                        ".": -0.78854764,
                        ",": -2.1010475,
                        ".\n\n": -2.499485,
                        "!": -3.030735,
                        " (": -3.7260475
                    },
                    {
                        " I": -1.5360988,
                        " There": -2.676724,
                        " The": -2.8876615,
                        " It": -3.395474,
                        " In": -3.817349
                    },
                    {
                        " can": -1.4864241,
                        " have": -2.1817365,
                        " are": -3.080174,
                        " either": -3.1817365,
                        " would": -3.2754865
                    },
                    {
                        " it": -1.6353476,
                        " you": -1.3150351,
                        " that": -2.2134726,
                        " there": -3.4634726,
                        " yourself": -3.4947226
                    },
                    {
                        " was": -2.8848,
                        " yourself": -0.7676126,
                        ",": -2.85355,
                        "'s": -3.4238625,
                        " all": -3.4238625
                    },
                    {
                        " the": -3.016667,
                        " a": -1.8369794,
                        " easy": -2.5869794,
                        " hard": -2.9151044,
                        " difficult": -3.1807294
                    },
                    {
                        " same": -0.638366,
                        " opposite": -3.388366,
                        " best": -3.450866,
                        " case": -3.8805535,
                        " only": -4.0836782
                    },
                    {
                        " popular": -2.3339155,
                        " difficult": -2.5370405,
                        " important": -2.669853,
                        " common": -2.7714155,
                        " beautiful": -2.8339155
                    },
                    {
                        " thing": -0.921544,
                        " option": -2.609044,
                        " way": -3.093419,
                        " solution": -3.109044,
                        " place": -3.1481066
                    },
                    {
                        " I": -2.5565987,
                        " The": -3.0331612,
                        " It": -3.7519112,