{
    "id": "cmpl-8jFSeAoz2JiytdZXoMVfA3UQEwlBe",
    "object": "text_completion",
    "created": 1705794884,
    "model": "davinci-002",
    "choices": [
        {
            "text": " that I have to work for the begging. It is so frustrating..\n\nA big problem you have is building up alliances with potentially bad outcomes.\n",
            "index": 0,
            "logprobs": {
                "tokens": [
                    " that",
                    " I",
                    " have",
                    " to",
                    " work",
                    " for",
                    " the",
                    " begging",
                    ".",
                    " It",
                    " is",
                    " so",
                    " frustrating",
                    "..\n\n",
                    "A",
                    " big",
                    " problem",
                    " you",
                    " have",
                    " is",
                    " building",
                    " up",
                    " alliances",
                    " with",
                    " potentially",
                    " bad",
                    " outcomes",
                    ".\n"
                ],
                "token_logprobs": [
                    -1.7814261,
                    -1.0846776,
                    -2.1178174,
                    -1.0511335,
                    -2.9751635,
                    -2.8008482,
                    -2.7940466,
                    -11.49035,
                    -2.8970807,
                    -3.420195,
                    -1.1295761,
                    -2.952205,
                    -2.7111838,
                    -7.677889,
                    -4.8248677,
                    -4.601144,
                    -1.9499995,
                    -5.971558,
                    -1.2880056,
                    -1.1217906,
                    -9.510396,
                    -2.6080139,
                    -10.077408,
                    -1.2699358,
                    -9.7286625,
                    -5.4290295,
                    -7.150341,
                    -6.2662687
                ],
                "top_logprobs": [
                    {
                        " that": -1.7814261,
                        " the": -1.8908011,
                        " not": -2.9454885,
                        " finding": -2.9454885,
                        " how": -3.6486135
                    },
                    {
                        " I": -1.0846776,
                        " the": -2.4753027,
                        " there": -2.6471777,
                        " my": -2.9909277,
                        " i": -3.5768652
                    },
                    {
                        " have": -2.1178174,
                        " can": -1.7193798,
                        " don": -2.2428174,
                        " am": -2.391255,
                        " cannot": -2.87563
                    },
                    {
                        " to": -1.0511335,
                        " no": -1.6136335,
                        " a": -2.6917586,
                        " been": -3.5667586,
                        " never": -3.6995711
                    },
                    {
                        " work": -2.9751635,
                        " pay": -2.311101,
                        " drive": -3.1314135,
                        " go": -3.1782885,
                        " deal": -3.3032885
                    },
                    {
                        " for": -2.8008482,
                        " ": -2.4102232,
                        ".": -2.5820982,
                        " with": -2.8477232,
                        " and": -2.8711607
                    },
                    {
                        " the": -2.7940466,
                        " a": -0.97373414,
                        " my": -2.1612341,
                        " ": -2.3643591,
                        " money": -3.0752966
                    },
                    {
                        " money": -1.781365,
                        " government": -1.937615,
                        " rest": -2.312615,
                        " next": -3.5704274,
                        " first": -3.750115
                    },
                    {
                        ".": -2.8970807,
                        " of": -2.3658307,
                        " kids": -2.8658307,
                        " and": -3.0611432,
                        " children": -3.1158307
                    },
                    {
                        " It": -3.420195,
                        " I": -1.3498826,
                        " If": -3.2873826,
                        " The": -3.388945,
                        " My": -3.7561326
                    },
                    {
                        " is": -1.1295761,
                        "'s": -1.5670761,
                        "\u2019s": -1.8483261,
                        " seems": -3.5592637,
                        " was": -4.0748887
                    },
                    {
                        " so": -2.952205,
                        " not": -1.9131424,
                        " a": -2.2881424,
                        " very": -2.670955,
                        " the": -3.389705
                    },
                    {
                        " frustrating": -2.7111838,
                        " hard": -2.2111838,
                        " sad": -2.2111838,
                        " annoying": -2.5080588,
                        " difficult": -3.1799338
                    },
                    {
                        " to": -1.4591386,
                        ".": -1.7872636,
                        " that": -1.9747636,
                        " and": -2.6622636,
                        " when": -2.8028886
                    },
                    {
                        "I": -1.7545552,
                        "The": -3.6608052,
                        "It": -3.8561177,
                        "As": -3.9186177,
                        "My": -4.0748677
                    },
                    {
                        " lot": -2.8550503,
                        " few": -3.4253628,
                        " friend": -3.8159878,
                        " good": -4.0034876,
                        " very": -4.0659876
                    },
                    {
                        " problem": -1.9499995,
                        " thank": -2.1374993,
                        " thanks": -2.6140618,
                        " part": -2.7781243,
                        " hug": -3.5437493
                    },
                    {
                        " in": -1.5028082,
                        " is": -1.5809332,
                        " for": -1.8778082,
                        " here": -2.909058,
                        " with": -3.018433
                    },
                    {
                        " have": -1.2880056,
                        " face": -2.108318,
                        " are": -2.7255056,
                        " can": -3.061443,
                        " may": -3.077068
                    },
                    {
                        " is": -1.1217906,
                        " to": -2.0358531,
                        " in": -2.4889781,
                        ",": -2.9655406,
                        " there": -3.0202281
                    },
                    {
                        " that": -0.842427,
                        " the": -2.4283645,
                        " you": -2.811177,
                        " your": -3.2408645,
                        " not": -3.2721145
                    },
                    {
                        " up": -2.6080139,
                        " a": -1.2877014,
                        " your": -2.3658264,
                        " the": -2.6627014,