{
    "id": "cmpl-8jFAsFfQxCGllZPkI0ADngpuRDECw",
    "object": "text_completion",
    "created": 1705793782,
    "model": "davinci-002",
    "choices": [
        {
            "text": " that I don\u2019t have enough room to paint. It is typical that instead of having a thre",
            "index": 0,
            "logprobs": {
                "tokens": [
                    " that",
                    " I",
                    " don",
                    "\u2019t",
                    " have",
                    " enough",
                    " room",
                    " to",
                    " paint",
                    ".",
                    " It",
                    " is",
                    " typical",
                    " that",
                    " instead",
                    " of",
                    " having",
                    " a",
                    " th",
                    "re"
                ],
                "token_logprobs": [
                    -1.651357,
                    -0.99297863,
                    -2.006504,
                    -0.7403937,
                    -1.0580614,
                    -1.915571,
                    -6.2330065,
                    -0.9605526,
                    -6.048998,
                    -1.7047443,
                    -3.1696572,
                    -1.6269848,
                    -8.212871,
                    -2.0104053,
                    -8.691061,
                    -0.033431858,
                    -2.0277524,
                    -0.6328523,
                    -11.7975235,
                    -2.1907148
                ],
                "top_logprobs": [
                    {
                        " that": -1.651357,
                        " the": -2.1826072,
                        " to": -2.5341697,
                        " not": -2.8076072,
                        " finding": -3.0654197
                    },
                    {
                        " I": -0.99297863,
                        " there": -2.5086036,
                        " the": -2.5398536,
                        " my": -3.313291,
                        " it": -3.3211036
                    },
                    {
                        " don": -2.006504,
                        " can": -1.7799416,
                        " have": -2.147129,
                        " am": -2.678379,
                        " cannot": -3.0611916
                    },
                    {
                        "\u2019t": -0.7403937,
                        "'t": -0.7560187,
                        "\u00b4t": -3.3888311,
                        "`t": -5.2091436,
                        " t": -5.8966436
                    },
                    {
                        " have": -1.0580614,
                        " know": -1.7768114,
                        " speak": -2.7221239,
                        " get": -3.1908739,
                        " feel": -3.2689989
                    },
                    {
                        " enough": -1.915571,
                        " a": -1.462446,
                        " any": -2.321821,
                        " the": -2.415571,
                        " time": -2.915571
                    },
                    {
                        " time": -0.7876939,
                        " money": -1.8580065,
                        " free": -2.9830065,
                        " hours": -3.2173815,
                        " friends": -3.412694
                    },
                    {
                        " to": -0.9605526,
                        " for": -1.4918026,
                        " in": -1.5230526,
                        ".": -2.9918027,
                        ",": -4.2418027
                    },
                    {
                        " store": -1.4864976,
                        " put": -2.6661851,
                        " keep": -2.8380601,
                        " live": -3.2677476,
                        " grow": -3.2911851
                    },
                    {
                        ".": -1.7047443,
                        " my": -2.3141193,
                        " all": -2.3922443,
                        " and": -2.4703693,
                        ",": -2.5406818
                    },
                    {
                        " It": -3.1696572,
                        " I": -1.0290323,
                        " My": -3.0524697,
                        " The": -3.2946572,
                        " But": -3.4899697
                    },
                    {
                        " is": -1.6269848,
                        "\u2019s": -0.6660474,
                        " would": -3.3613598,
                        " takes": -3.6582348,
                        " seems": -3.8613598
                    },
                    {
                        " a": -1.6308397,
                        " not": -2.4042773,
                        " very": -2.4042773,
                        " difficult": -2.7480273,
                        " hard": -3.2480273
                    },
                    {
                        " that": -2.0104053,
                        " of": -1.7213428,
                        " to": -1.7838428,
                        " for": -1.8229053,
                        " in": -1.8229053
                    },
                    {
                        " I": -1.8434049,
                        " the": -2.6402798,
                        " when": -2.7574673,
                        " a": -2.7965298,
                        " you": -2.9996548
                    },
                    {
                        " of": -0.033431858,
                        " I": -4.8693695,
                        ",": -5.7131195,
                        " to": -5.8693695,
                        " a": -6.424057
                    },
                    {
                        " having": -2.0277524,
                        " buying": -2.0746274,
                        " a": -2.4965024,
                        " painting": -2.51994,
                        " going": -3.42619
                    },
                    {
                        " a": -0.6328523,
                        " an": -2.9766023,
                        " my": -2.9922273,
                        " one": -3.0234773,
                        " the": -3.4922273
                    },
                    {
                        " room": -2.3834615,
                        " big": -2.610024,
                        " studio": -2.985024,
                        " house": -3.2584615,
                        " large": -3.3365865
                    },
                    {
                        "re": -2.1907148,
                        "ir": -1.9016522,
                        "irt": -2.2610273,
                        "icket": -3.2219648,
                        "irth": -3.3860273
                    }
                ],
                "text_offset": [
                    44,
                    49,
                    51,
                    55,
                    57,
                    62,
                    69,
                    74,
                    77,
                    83,
                    84,
                    87,
                    90,
                    98,
                    103,
                    111,
                    114,
                    121,
                    123,
                    126
                ]
            },
            "finish_reason": "stop"
        }
    ],
    "usage": {
        "prompt_tokens": 11,
        "completion_tokens": 20,
        "total_tokens": 31
    }
}