{
    "id": "cmpl-8jFfbmYL6MtBuPcAUXKQgrGKHjWWD",
    "object": "text_completion",
    "created": 1705795687,
    "model": "davinci-002",
    "choices": [
        {
            "text": " people getting angry at me for getting the same temp job 5 times in a row.",
            "index": 0,
            "logprobs": {
                "tokens": [
                    " people",
                    " getting",
                    " angry",
                    " at",
                    " me",
                    " for",
                    " getting",
                    " the",
                    " same",
                    " temp",
                    " job",
                    " ",
                    "5",
                    " times",
                    " in",
                    " a",
                    " row",
                    "."
                ],
                "token_logprobs": [
                    -4.9123487,
                    -4.746279,
                    -3.2932367,
                    -1.0688808,
                    -0.29642895,
                    -0.6007631,
                    -5.236853,
                    -3.0968928,
                    -4.484927,
                    -10.139214,
                    -1.5112672,
                    -2.789,
                    -2.0964234,
                    -0.8879882,
                    -0.71003854,
                    -0.26894173,
                    -0.1373887,
                    -1.0183476
                ],
                "top_logprobs": [
                    {
                        " that": -1.3654737,
                        " the": -2.1076612,
                        " not": -2.7951612,
                        " to": -3.0373487,
                        " finding": -3.4592237
                    },
                    {
                        " who": -1.9962786,
                        " not": -2.0822163,
                        " that": -3.3712788,
                        " being": -3.5587788,
                        " thinking": -3.5744038
                    },
                    {
                        " offended": -1.7072991,
                        " in": -3.0119867,
                        " upset": -3.0901117,
                        " too": -3.1057367,
                        " mad": -3.1213617
                    },
                    {
                        " at": -1.0688808,
                        " when": -1.8657558,
                        " if": -2.7720058,
                        " with": -2.7876308,
                        " because": -2.8657558
                    },
                    {
                        " me": -0.29642895,
                        " you": -3.015179,
                        " my": -3.187054,
                        " the": -3.5073664,
                        " each": -4.2886167
                    },
                    {
                        " for": -0.6007631,
                        " when": -1.9835756,
                        " because": -2.2492006,
                        " if": -3.194513,
                        ",": -3.8742006
                    },
                    {
                        " not": -1.2368532,
                        " speaking": -2.3852906,
                        " being": -2.5415406,
                        " using": -3.5727906,
                        " having": -3.5727906
                    },
                    {
                        " the": -3.0968928,
                        " angry": -1.8937677,
                        " a": -2.8703303,
                        " in": -3.0968928,
                        " my": -3.3625178
                    },
                    {
                        " bus": -2.531802,
                        " wrong": -2.8833644,
                        " train": -3.078677,
                        " right": -3.7427394,
                        " vaccine": -4.172427
                    },
                    {
                        " thing": -2.6548383,
                        " amount": -3.2876508,
                        " things": -3.3345258,
                        " bus": -3.7876508,
                        " answer": -3.8345258
                    },
                    {
                        " job": -1.5112672,
                        " as": -1.5425172,
                        ".": -3.0190797,
                        " jobs": -3.3237672,
                        "ura": -3.8081422
                    },
                    {
                        " ": -2.789,
                        " as": -1.3593125,
                        " over": -2.242125,
                        " for": -2.7265,
                        " every": -2.867125
                    },
                    {
                        "5": -2.0964234,
                        "3": -1.1354859,
                        "2": -1.7682984,
                        "4": -1.9870484,
                        "10": -2.7057984
                    },
                    {
                        " times": -0.8879882,
                        " years": -0.8723632,
                        "-": -3.200488,
                        " or": -3.950488,
                        " months": -3.9583006
                    },
                    {
                        " in": -0.71003854,
                        ".": -2.1084762,
                        ",": -2.9912887,
                        " a": -3.4209762,
                        " because": -3.5772262
                    },
                    {
                        " a": -0.26894173,
                        " ": -2.0970666,
                        " the": -3.2298791,
                        " one": -3.6986291,
                        " two": -4.9017544
                    },
                    {
                        " row": -0.1373887,
                        " year": -2.3952012,
                        " ": -4.957701,
                        " few": -5.6842637,
                        " short": -5.832701
                    },
                    {
                        ".": -1.0183476,
                        ",": -1.9792851,
                        ".\n\n": -2.6511602,
                        " because": -3.1355352,
                        " (": -3.1980352
                    }
                ],
                "text_offset": [
                    43,
                    50,
                    58,
                    64,
                    67,
                    70,
                    74,
                    82,
                    86,
                    91,
                    96,
                    100,
                    101,
                    102,
                    108,
                    111,
                    113,
                    117
                ]
            },
            "finish_reason": "stop"
        }
    ],
    "usage": {
        "prompt_tokens": 10,
        "completion_tokens": 18,
        "total_tokens": 28
    }
}