{
    "id": "cmpl-8jGcAZ3MQkQIsc2natXKm9X3ZM0iv",
    "object": "text_completion",
    "created": 1705799318,
    "model": "davinci-002",
    "choices": [
        {
            "text": " to drink a sixpack of Twisties and drive.\n\nLove,\n\nThe one who doesn\u2019t get poet sex shit.",
            "index": 0,
            "logprobs": {
                "tokens": [
                    " to",
                    " drink",
                    " a",
                    " six",
                    "pack",
                    " of",
                    " Twist",
                    "ies",
                    " and",
                    " drive",
                    ".\n\n",
                    "Love",
                    ",\n\n",
                    "The",
                    " one",
                    " who",
                    " doesn",
                    "\u2019t",
                    " get",
                    " poet",
                    " sex",
                    " shit",
                    "."
                ],
                "token_logprobs": [
                    -0.90254754,
                    -8.3354025,
                    -1.4173809,
                    -3.9525619,
                    -3.3366737,
                    -0.42395458,
                    -10.866355,
                    -0.074223936,
                    -1.0390041,
                    -1.4920875,
                    -3.0809352,
                    -7.8926115,
                    -2.3961315,
                    -2.7605307,
                    -6.2616806,
                    -0.90661436,
                    -3.5728023,
                    -0.5016809,
                    -3.2752986,
                    -13.382047,
                    -9.320071,
                    -9.447357,
                    -2.631906
                ],
                "top_logprobs": [
                    {
                        " to": -0.90254754,
                        " by": -1.1212976,
                        " on": -2.6837976,
                        " a": -3.69161,
                        " with": -3.91036
                    },
                    {
                        " walk": -1.0736839,
                        " drive": -1.9408714,
                        " take": -2.6986837,
                        " get": -2.9799337,
                        " ride": -3.1752462
                    },
                    {
                        " a": -1.4173809,
                        " ": -2.0580058,
                        " beer": -3.4642558,
                        " the": -3.6126933,
                        " some": -3.7142558
                    },
                    {
                        " bottle": -1.7806867,
                        " lot": -2.2181869,
                        " beer": -2.6009994,
                        " few": -2.9681869,
                        " ": -3.0931869
                    },
                    {
                        "pack": -3.3366737,
                        " pack": -0.5710486,
                        "-pack": -0.9929236,
                        "er": -4.813236,
                        " of": -5.360111
                    },
                    {
                        " of": -0.42395458,
                        " and": -2.072392,
                        ",": -3.2052045,
                        " on": -3.2989545,
                        " in": -4.056767
                    },
                    {
                        " beer": -0.4620584,
                        " beers": -4.1808085,
                        " He": -4.3839335,
                        " ": -4.407371,
                        " Bud": -4.6183085
                    },
                    {
                        "ies": -0.074223936,
                        "ees": -3.8632865,
                        "ys": -5.3007865,
                        " and": -5.3320365,
                        "os": -5.4570365
                    },
                    {
                        " and": -1.0390041,
                        ",": -1.8280666,
                        ".": -2.851504,
                        " in": -3.242129,
                        " while": -3.3280666
                    },
                    {
                        " drive": -1.4920875,
                        " then": -1.8983375,
                        " walk": -2.8905249,
                        " ride": -3.3045874,
                        " take": -3.4920874
                    },
                    {
                        ".\n\n": -3.0809352,
                        " there": -1.5809352,
                        " your": -1.6121852,
                        " a": -2.3621852,
                        ".": -2.4715602
                    },
                    {
                        "I": -2.5332367,
                        "The": -2.6738617,
                        "In": -3.6972992,
                        "You": -3.7676117,
                        "If": -3.8847992
                    },
                    {
                        ",\n\n": -2.3961315,
                        " the": -1.6617564,
                        " it": -2.278944,
                        " this": -2.8492565,
                        " your": -2.9273815
                    },
                    {
                        "The": -2.7605307,
                        "Your": -2.9714682,
                        "D": -3.1277182,
                        "Mom": -3.6667807,
                        "M": -3.8620932
                    },
                    {
                        " New": -3.9140246,
                        " Ki": -4.343712,
                        " Tw": -4.640587,
                        " D": -4.8710556,
                        " B": -4.878868
                    },
                    {
                        " who": -0.90661436,
                        " that": -2.3988018,
                        " with": -2.5081768,
                        " and": -2.9769268,
                        " you": -3.3519268
                    },
                    {
                        " doesn": -3.5728023,
                        " is": -2.3853023,
                        " has": -2.8618648,
                        " can": -3.4399898,
                        " will": -3.6899898
                    },
                    {
                        "\u2019t": -0.5016809,
                        "'t": -0.9391809,
                        "\u00b4t": -7.2907434,
                        "`t": -7.9469934,
                        " t": -8.384494
                    },
                    {
                        " know": -2.251861,
                        " have": -2.4002986,
                        " drink": -2.8221736,
                        " want": -2.9159236,
                        " like": -2.9784236
                    },
                    {
                        " it": -1.9240388,
                        " to": -2.1506014,
                        " the": -2.4318514,
                        " out": -2.580289,
                        " drunk": -3.361539
                    },
                    {
                        "ical": -1.3142115,
                        " laure": -2.1188989,
                        "ries": -2.5563989,
                        "\u2019s": -2.7438989,
                        "<|endoftext|>": -3.7282739
                    },
                    {
                        ".\n\n": -1.2793884,
                        "\n\n": -1.4668884,
                        ".": -2.6700134,
                        ",": -3.021576,
                        " either": -3.912201
                    },
                    {
                        ".": -2.631906,
                        ".\n\n": -1.2334685,
                        "\n\n": -1.256906,
                        ",": -3.178781,
                        " and": -3.522531
                    }
                ],