{
    "id": "cmpl-8jGlmD24qtWBpMqbMSsS6wyagvVkF",
    "object": "text_completion",
    "created": 1705799914,
    "model": "davinci-002",
    "choices": [
        {
            "text": " walking 3 km and then using the half price donkey extradorinaire cart in the charity shop.\n\nThe only",
            "index": 0,
            "logprobs": {
                "tokens": [
                    " walking",
                    " ",
                    "3",
                    " km",
                    " and",
                    " then",
                    " using",
                    " the",
                    " half",
                    " price",
                    " don",
                    "key",
                    " extr",
                    "ador",
                    "inaire",
                    " cart",
                    " in",
                    " the",
                    " charity",
                    " shop",
                    ".\n\n",
                    "The",
                    " only"
                ],
                "token_logprobs": [
                    -4.348151,
                    -4.844796,
                    -2.1868296,
                    -2.6932578,
                    -2.9967763,
                    -1.4193716,
                    -4.466218,
                    -1.6883659,
                    -6.884489,
                    -4.0889187,
                    -2.3113437,
                    -0.108844385,
                    -17.449718,
                    -3.8844507,
                    -1.009643,
                    -5.3488207,
                    -5.976817,
                    -0.99447775,
                    -9.687381,
                    -1.6952032,
                    -2.1698313,
                    -2.037589,
                    -3.84022
                ],
                "top_logprobs": [
                    {
                        " to": -0.8090887,
                        " by": -1.3559637,
                        " on": -2.3481512,
                        " a": -3.5903387,
                        " via": -4.0590887
                    },
                    {
                        ".": -1.0557339,
                        ",": -1.8682339,
                        " or": -2.6260464,
                        ".\n\n": -2.7197964,
                        " through": -3.8135464
                    },
                    {
                        "3": -2.1868296,
                        "2": -2.0305796,
                        "5": -2.3587046,
                        "10": -2.475892,
                        "1": -2.694642
                    },
                    {
                        " km": -2.6932578,
                        "km": -0.43544525,
                        ".": -2.5760703,
                        "-": -3.1541953,
                        "k": -3.3182578
                    },
                    {
                        " and": -2.9967763,
                        " to": -1.2858388,
                        " in": -2.4342763,
                        ".": -2.6217763,
                        " away": -3.0905263
                    },
                    {
                        " then": -1.4193716,
                        " taking": -1.4896841,
                        " getting": -2.927184,
                        " buying": -3.614684,
                        " passing": -3.8256216
                    },
                    {
                        " taking": -1.184968,
                        " hitch": -2.6459055,
                        " getting": -2.8021555,
                        " catching": -3.153718,
                        " walking": -3.5052805
                    },
                    {
                        " the": -1.6883659,
                        " a": -0.53211594,
                        " an": -3.625866,
                        " your": -3.6805534,
                        " public": -3.844616
                    },
                    {
                        " car": -2.3454263,
                        " don": -2.6344888,
                        " taxi": -2.8766763,
                        " bus": -2.9235513,
                        " ": -3.1969888
                    },
                    {
                        " hour": -1.7607934,
                        " a": -2.3701684,
                        " mile": -2.4326684,
                        " of": -2.706106,
                        " an": -3.4170434
                    },
                    {
                        " don": -2.3113437,
                        " taxi": -1.444156,
                        " bus": -2.4050937,
                        " of": -3.2722812,
                        " camel": -3.5379062
                    },
                    {
                        "key": -0.108844385,
                        "keys": -2.2963443,
                        "ut": -7.585407,
                        "uts": -8.116657,
                        "k": -8.335407
                    },
                    {
                        " cart": -1.9165158,
                        " to": -2.0258908,
                        ".": -2.1118283,
                        " ride": -2.4008908,
                        ".\n\n": -2.5258908
                    },
                    {
                        "<|endoftext|>": -2.4938257,
                        "ication": -2.8688257,
                        "actions": -2.9313257,
                        "ac": -2.9703882,
                        "ater": -3.1344507
                    },
                    {
                        "inaire": -1.009643,
                        "inary": -1.400268,
                        "in": -1.634643,
                        "id": -3.6737056,
                        "ian": -4.1737056
                    },
                    {
                        ".": -1.4269459,
                        ".\n\n": -1.8331959,
                        " to": -2.051946,
                        " service": -3.4816334,
                        "!\n\n": -3.551946
                    },
                    {
                        ".": -1.523692,
                        " to": -1.898692,
                        ".\n\n": -2.1877546,
                        " ride": -2.7736921,
                        " service": -2.8127546
                    },
                    {
                        " the": -0.99447775,
                        " order": -2.0960402,
                        " Yemen": -2.4944777,
                        " which": -3.0257277,
                        " a": -3.3538527
                    },
                    {
                        " middle": -1.7928494,
                        " back": -2.878787,
                        " last": -3.2147245,
                        " picture": -3.5584745,
                        " desert": -3.5740995
                    },
                    {
                        " shop": -1.6952032,
                        " store": -3.1327033,
                        " section": -3.2030158,
                        " market": -3.2264533,
                        " of": -3.5780158
                    },
                    {
                        ".\n\n": -2.1698313,
                        ".": -1.5760813,
                        " to": -2.5213938,
                        " for": -3.2323313,
                        " that": -3.2323313
                    },
                    {
                        "The": -2.037589,
                        "I": -2.475089,
                        "It": -3.787589,
                        "You": -3.9360266,
                        "This": -3.943839
                    },
                    {
                        " only": -3.84022,
                        " best": -0.69959486,
                        " most": -3.949595,
                        " don": -4.5042825,
                        " charity": -4.55897
                    }
                ],