{
    "id": "cmpl-8jGPtBmfP28UxLMjalYS0PVclU5bB",
    "object": "text_completion",
    "created": 1705798557,
    "model": "davinci-002",
    "choices": [
        {
            "text": " social media outlets such as Facebook, youtube\u2026you name them. They spend a lot of time on the medium searching for fun and f",
            "index": 0,
            "logprobs": {
                "tokens": [
                    " social",
                    " media",
                    " outlets",
                    " such",
                    " as",
                    " Facebook",
                    ",",
                    " youtube",
                    "\u2026",
                    "you",
                    " name",
                    " them",
                    ".",
                    " They",
                    " spend",
                    " a",
                    " lot",
                    " of",
                    " time",
                    " on",
                    " the",
                    " medium",
                    " searching",
                    " for",
                    " fun",
                    " and",
                    " f"
                ],
                "token_logprobs": [
                    -2.777482,
                    -0.15754263,
                    -9.294178,
                    -2.0701518,
                    -0.012863117,
                    -0.43091083,
                    -0.45285448,
                    -8.457267,
                    -6.556795,
                    -6.2349043,
                    -0.31296012,
                    -3.2382145,
                    -0.60416245,
                    -1.7924429,
                    -1.7925663,
                    -2.5225601,
                    -0.42418164,
                    -0.022511082,
                    -0.3174153,
                    -0.86920124,
                    -1.9906912,
                    -9.057171,
                    -5.8930616,
                    -0.21732378,
                    -3.9313018,
                    -1.2772474,
                    -7.3032985
                ],
                "top_logprobs": [
                    {
                        " social": -2.777482,
                        " the": -2.2696695,
                        " their": -2.871232,
                        " money": -3.3790445,
                        " technology": -3.4727945
                    },
                    {
                        " media": -0.15754263,
                        " networks": -2.7278552,
                        " networking": -3.5872302,
                        " med": -4.7825427,
                        " network": -4.80598
                    },
                    {
                        " and": -1.4269906,
                        ".": -1.4582406,
                        ",": -1.9738656,
                        " that": -2.700428,
                        " to": -3.325428
                    },
                    {
                        " such": -2.0701518,
                        " like": -1.2029643,
                        ".": -1.9295268,
                        " and": -2.2264018,
                        ",": -2.3592143
                    },
                    {
                        " as": -0.012863117,
                        " that": -5.700363,
                        " Facebook": -6.325363,
                        " like": -6.8331757,
                        " a": -7.1144257
                    },
                    {
                        " Facebook": -0.43091083,
                        " Instagram": -2.5559108,
                        " facebook": -3.0871608,
                        " Twitter": -3.1184108,
                        " WhatsApp": -3.4699733
                    },
                    {
                        ",": -0.45285448,
                        " and": -1.351292,
                        ".": -3.257542,
                        " or": -4.9372296,
                        ".\n\n": -5.2184796
                    },
                    {
                        " Twitter": -0.929923,
                        " Instagram": -1.2502356,
                        " WhatsApp": -3.008048,
                        " Whatsapp": -3.0627356,
                        " Snapchat": -3.070548
                    },
                    {
                        ",": -0.3458574,
                        " and": -1.5489824,
                        " etc": -3.85367,
                        " or": -4.931795,
                        " ,": -4.94742
                    },
                    {
                        "etc": -1.9263103,
                        " and": -2.7544353,
                        " They": -3.1528728,
                        ",": -3.5747478,
                        " I": -3.7544353
                    },
                    {
                        " name": -0.31296012,
                        " get": -2.6879601,
                        " can": -3.2504601,
                        " know": -3.4926476,
                        " tube": -4.5863976
                    },
                    {
                        " them": -3.2382145,
                        " it": -0.0585271,
                        " the": -5.074152,
                        ".": -6.7694645,
                        " em": -6.886652
                    },
                    {
                        ".": -0.60416245,
                        "!": -2.40885,
                        ",": -2.53385,
                        ".\n\n": -2.549475,
                        " and": -3.643225
                    },
                    {
                        " They": -1.7924429,
                        " I": -2.7611928,
                        " The": -2.9955678,
                        " It": -3.0658803,
                        " This": -3.1674428
                    },
                    {
                        " spend": -1.7925663,
                        " are": -2.0738163,
                        " have": -2.6675663,
                        " don": -2.9331913,
                        " do": -3.6050663
                    },
                    {
                        " a": -2.5225601,
                        " most": -1.7803725,
                        " more": -1.9209975,
                        " hours": -2.0928726,
                        " their": -2.9288101
                    },
                    {
                        " lot": -0.42418164,
                        " whole": -2.9632442,
                        " great": -3.0960567,
                        " good": -3.3538692,
                        " large": -3.4007442
                    },
                    {
                        " of": -0.022511082,
                        " time": -5.069386,
                        " more": -5.225636,
                        " on": -6.5615735,
                        "\u2026\n\n": -6.9834485
                    },
                    {
                        " time": -0.3174153,
                        " their": -1.6689777,
                        " money": -3.7705402,
                        " hours": -3.9267902,
                        " times": -4.9971027
                    },
                    {
                        " on": -0.86920124,
                        " online": -2.4629512,
                        " in": -2.8223262,
                        " chatting": -3.0332637,
                        " surfing": -3.6582637
                    },
                    {
                        " the": -1.9906912,
                        " these": -1.1156912,
                        " their": -2.0688162,
                        " them": -2.3188162,
                        " social": -2.6235037
                    },
                    {
                        " internet": -0.5298272,
                        " computer": -2.6157646,
                        " net": -2.654827,
                        " Internet": -2.857952,