{
    "id": "cmpl-8jGYpo0ylygq2FmWWl7TljodUH53D",
    "object": "text_completion",
    "created": 1705799111,
    "model": "davinci-002",
    "choices": [
        {
            "text": " the Internet and The Internet is making people lazy.\n\nFunny gum swap\n\n2,037 |2",
            "index": 0,
            "logprobs": {
                "tokens": [
                    " the",
                    " Internet",
                    " and",
                    " The",
                    " Internet",
                    " is",
                    " making",
                    " people",
                    " lazy",
                    ".\n\n",
                    "Funny",
                    " gum",
                    " swap",
                    "\n\n",
                    "2",
                    ",",
                    "037",
                    " |",
                    "2"
                ],
                "token_logprobs": [
                    -2.490924,
                    -2.3346713,
                    -1.126756,
                    -9.29615,
                    -3.3173726,
                    -0.65849096,
                    -3.2628284,
                    -3.4039342,
                    -2.8915167,
                    -2.262944,
                    -8.062807,
                    -11.342565,
                    -9.626668,
                    -2.102409,
                    -5.5620575,
                    -2.09873,
                    -6.936471,
                    -1.6424925,
                    -0.5597955
                ],
                "top_logprobs": [
                    {
                        " the": -2.490924,
                        " their": -2.272174,
                        " soccer": -3.100299,
                        " technology": -3.1862364,
                        " social": -3.756549
                    },
                    {
                        " Internet": -2.3346713,
                        " internet": -2.1081088,
                        " latest": -3.4752963,
                        " idea": -3.6159213,
                        " iPhone": -3.8424838
                    },
                    {
                        " and": -1.126756,
                        ".": -1.392381,
                        ",": -1.689256,
                        ".\n\n": -3.001756,
                        " to": -4.0330057
                    },
                    {
                        " their": -2.522713,
                        " social": -2.5930254,
                        " video": -2.928963,
                        " the": -3.178963,
                        " cell": -3.3274004
                    },
                    {
                        " Internet": -3.3173726,
                        " Sims": -1.7079976,
                        " Simpsons": -1.8954976,
                        " Social": -3.4111226,
                        " Matrix": -3.6923726
                    },
                    {
                        " is": -0.65849096,
                        " has": -2.8381784,
                        ".": -3.799116,
                        " and": -3.8850534,
                        " doesn": -3.9631784
                    },
                    {
                        " making": -3.2628284,
                        " too": -1.7940785,
                        " not": -3.0909534,
                        " a": -3.1300159,
                        " ruining": -3.2550159
                    },
                    {
                        " people": -3.4039342,
                        " them": -0.39612168,
                        " kids": -3.3179967,
                        " the": -3.3726842,
                        " their": -3.4976842
                    },
                    {
                        " lazy": -2.8915167,
                        " stupid": -2.2587042,
                        " more": -2.5712042,
                        " too": -2.7352667,
                        " d": -3.3055792
                    },
                    {
                        ".\n\n": -2.262944,
                        ".": -1.294194,
                        " and": -1.762944,
                        ",": -2.2863815,
                        " in": -3.794194
                    },
                    {
                        "I": -2.363588,
                        "The": -2.9182756,
                        "It": -3.3245256,
                        "They": -3.7307756,
                        "So": -3.988588
                    },
                    {
                        " Twe": -0.9187363,
                        " thing": -2.5437362,
                        ",": -2.6999862,
                        " how": -2.9109237,
                        " you": -3.7468612
                    },
                    {
                        " wrapper": -2.6911209,
                        " commercial": -2.7145584,
                        "\n\n": -2.9489334,
                        ".": -2.9567459,
                        " wrappers": -3.0817459
                    },
                    {
                        "\n\n": -2.102409,
                        " prank": -2.211784,
                        ".": -2.6102214,
                        ".\n\n": -3.2508464,
                        " with": -3.2977214
                    },
                    {
                        "I": -2.6870573,
                        "A": -2.8042448,
                        "Funny": -3.3901823,
                        "The": -3.5464323,
                        "This": -3.5464323
                    },
                    {
                        ",": -2.09873,
                        "\n\n": -0.91122997,
                        ":": -2.458105,
                        ".": -2.5596676,
                        " ": -3.2471676
                    },
                    {
                        " ": -3.7606895,
                        "000": -4.5575647,
                        "500": -5.565377,
                        "5": -5.659127,
                        "3": -5.721627
                    },
                    {
                        " |": -1.6424925,
                        "\n\n": -0.7753051,
                        " Views": -2.556555,
                        " ": -2.619055,
                        " views": -2.775305
                    },
                    {
                        "2": -0.5597955,
                        "1": -1.4972955,
                        "3": -2.1379204,
                        "4": -3.3019829,
                        "0": -4.083233
                    }
                ],
                "text_offset": [
                    48,
                    52,
                    61,
                    65,
                    69,
                    78,
                    81,
                    88,
                    95,
                    100,
                    103,
                    108,
                    112,
                    117,
                    119,
                    120,
                    121,
                    124,
                    126
                ]
            },
            "finish_reason": "stop"
        }
    ],
    "usage": {
        "prompt_tokens": 9,
        "completion_tokens": 19,
        "total_tokens": 28
    }
}