{
    "id": "cmpl-8jGTmWARGZqfrBjX7Tmi8Lfvb5P1U",
    "object": "text_completion",
    "created": 1705798798,
    "model": "davinci-002",
    "choices": [
        {
            "text": " social network \ud83d\ude0e\n\n\u0644\u064a\u0628\u0627\u0646\u0648\u0646 \u062f\u064a\u0628\u0627\u064a\u062a\n\n",
            "index": 0,
            "logprobs": {
                "tokens": [
                    " social",
                    " network",
                    "bytes: \\xf0\\x9f\\x98",
                    "bytes:\\x8e",
                    "\n\n",
                    "\u0644",
                    "\u064a",
                    "\u0628",
                    "\u0627\u0646",
                    "\u0648",
                    "\u0646",
                    " \u062f",
                    "\u064a",
                    "\u0628",
                    "\u0627",
                    "\u064a",
                    "\u062a",
                    "\n\n"
                ],
                "token_logprobs": [
                    -3.1233048,
                    -6.181994,
                    -8.566507,
                    -4.563209,
                    -1.0667214,
                    -8.232225,
                    -2.2001052,
                    -1.035949,
                    -0.14649673,
                    -0.1117307,
                    -0.015421225,
                    -0.44895834,
                    -0.00036597464,
                    -0.0040836246,
                    -0.005252968,
                    -0.0025952768,
                    -0.0011271214,
                    -0.060428258
                ],
                "top_logprobs": [
                    {
                        " social": -3.1233048,
                        " their": -2.2404923,
                        " the": -2.2873673,
                        " money": -3.6389298,
                        " technology": -3.6467423
                    },
                    {
                        " media": -0.14293134,
                        " networks": -3.228869,
                        " networking": -3.7679315,
                        "izing": -4.4554315,
                        " status": -4.4866815
                    },
                    {
                        " sites": -1.3594759,
                        " and": -1.7188509,
                        ".": -2.3751009,
                        ",": -2.4219759,
                        " websites": -3.3126009
                    },
                    {
                        "bytes:\\x82": -1.406959,
                        "bytes:\\xa6": -2.563209,
                        "bytes:\\x92": -2.594459,
                        "bytes:\\x9b": -2.688209,
                        "bytes:\\x90": -2.813209
                    },
                    {
                        "\n\n": -1.0667214,
                        "bytes:\\xf0\\x9f\\x98": -2.012034,
                        "bytes:\\xf0\\x9f": -3.074534,
                        " #": -3.090159,
                        " pic": -3.683909
                    },
                    {
                        "I": -2.4548821,
                        "The": -3.6111321,
                        "@": -3.8142571,
                        "It": -4.111132,
                        "#": -4.2283196
                    },
                    {
                        "\u064a": -2.2001052,
                        "\u0628": -1.4188551,
                        "\u0644": -2.4657302,
                        "\u0648": -2.6844802,
                        "\u0639": -2.7782302
                    },
                    {
                        "\u0628": -1.035949,
                        "\u0633": -2.567199,
                        "\u0644\u0649": -2.660949,
                        "\u0627\u0644": -2.785949,
                        "\u0647": -3.004699
                    },
                    {
                        "\u0627\u0646": -0.14649673,
                        "\u064a": -2.9433718,
                        "\u0646": -3.3105593,
                        "\u0648": -4.2168093,
                        "\u0627": -4.5293093
                    },
                    {
                        "\u0648": -0.1117307,
                        "\u064a": -4.5336056,
                        " \u0627\u0644": -4.7211056,
                        " \u0648": -4.932043,
                        " \u0639": -5.010168
                    },
                    {
                        "\u0646": -0.015421225,
                        "\u0648": -5.1404214,
                        " \u0646": -6.8904214,
                        " \u0627\u0644": -7.2654214,
                        "<|endoftext|>": -7.632609
                    },
                    {
                        " \u062f": -0.44895834,
                        " \u0641": -1.9489584,
                        " \u0641\u064a": -3.050521,
                        " \u062f\u0631": -3.7145834,
                        " \u0646": -4.019271
                    },
                    {
                        "\u064a": -0.00036597464,
                        "\u0628": -9.515991,
                        "\u0647": -9.547241,
                        "\u0627": -9.734741,
                        "bytes:\\xd8\\xa7\\xd8": -9.937866
                    },
                    {
                        "\u0628": -0.0040836246,
                        "\u0628\u0631": -5.6603336,
                        "\u062c": -8.691584,
                        "\u0632": -9.144709,
                        "\u0633": -9.629084
                    },
                    {
                        "\u0627": -0.005252968,
                        "\u0647": -6.567753,
                        "\u0627\u0628": -6.927128,
                        "\u0627\u062f": -7.145878,
                        "\u064a": -7.286503
                    },
                    {
                        "\u064a": -0.0025952768,
                        "\u0649": -6.0494704,
                        "\u0647": -9.83072,
                        "\u062c": -10.158845,
                        "<|endoftext|>": -10.471345
                    },
                    {
                        "\u062a": -0.0011271214,
                        "bytes:\\xd9": -6.9073772,
                        "\u0627\u062a": -9.766752,
                        "\u0634": -10.219877,
                        "\u0627": -10.766752
                    },
                    {
                        "\n\n": -0.060428258,
                        "<|endoftext|>": -3.3026156,
                        "\n": -5.8651156,
                        " |": -6.419803,
                        ":": -7.2088656
                    }
                ],
                "text_offset": [
                    48,
                    55,
                    63,
                    63,
                    65,
                    67,
                    68,
                    69,
                    70,
                    72,
                    73,
                    74,
                    76,
                    77,
                    78,
                    79,
                    80,
                    81
                ]
            },
            "finish_reason": "stop"
        }
    ],
    "usage": {
        "prompt_tokens": 9,
        "completion_tokens": 18,
        "total_tokens": 27
    }
}