{
    "id": "cmpl-8jGW00AoqTY9unRTtfb4Ivl3IWlPB",
    "object": "text_completion",
    "created": 1705798936,
    "model": "davinci-002",
    "choices": [
        {
            "text": " K-pop and anime.  We are giving divisions like Cybercrime & Intellegence any attention.\n",
            "index": 0,
            "logprobs": {
                "tokens": [
                    " K",
                    "-pop",
                    " and",
                    " anime",
                    ".",
                    " ",
                    " We",
                    " are",
                    " giving",
                    " divisions",
                    " like",
                    " Cyber",
                    "crime",
                    " &",
                    " Intel",
                    "leg",
                    "ence",
                    " any",
                    " attention",
                    ".\n"
                ],
                "token_logprobs": [
                    -3.4374955,
                    -2.054821,
                    -1.4300376,
                    -2.5430121,
                    -1.0157125,
                    -3.9225295,
                    -4.861149,
                    -2.4588335,
                    -6.6430244,
                    -15.184749,
                    -3.2933862,
                    -8.050122,
                    -1.6401641,
                    -5.687863,
                    -6.054848,
                    -1.940118,
                    -0.055743705,
                    -7.3153944,
                    -2.0938823,
                    -3.4371405
                ],
                "top_logprobs": [
                    {
                        " K": -3.4374955,
                        " the": -2.867183,
                        " their": -2.960933,
                        " gadgets": -3.164058,
                        " Korean": -3.4843705
                    },
                    {
                        "-pop": -2.054821,
                        "pop": -1.1095086,
                        "POP": -1.7970086,
                        "-P": -1.8595086,
                        "Pop": -2.1095085
                    },
                    {
                        " and": -1.4300376,
                        ".": -1.6409751,
                        ",": -1.9612876,
                        " that": -2.4925375,
                        ".\n\n": -3.7737875
                    },
                    {
                        " anime": -2.5430121,
                        " K": -1.5430123,
                        " Korean": -2.3711371,
                        " other": -3.5117621,
                        " Anime": -3.6055121
                    },
                    {
                        ".": -1.0157125,
                        " that": -2.22665,
                        ",": -2.3282125,
                        " and": -2.6719625,
                        ".\n\n": -2.91415
                    },
                    {
                        " I": -1.961592,
                        " They": -2.0631545,
                        " It": -2.977217,
                        " The": -3.3756545,
                        " And": -3.774092
                    },
                    {
                        " They": -1.9939612,
                        " I": -2.0955238,
                        " It": -3.0642738,
                        "90": -3.5564613,
                        "\n": -3.7595863
                    },
                    {
                        " are": -2.4588335,
                        " have": -2.0525835,
                        " don": -2.529146,
                        " need": -2.6150835,
                        "'re": -2.654146
                    },
                    {
                        " not": -2.6977122,
                        " a": -2.7602122,
                        " losing": -3.3305247,
                        " so": -3.4789622,
                        " the": -3.5648997
                    },
                    {
                        " them": -1.1876785,
                        " up": -2.3439283,
                        " our": -2.4689283,
                        " the": -3.0861158,
                        " too": -3.1095533
                    },
                    {
                        " to": -0.98869866,
                        " and": -2.6293237,
                        " in": -2.6761987,
                        " of": -2.9105737,
                        " a": -3.0121362
                    },
                    {
                        " this": -2.8352787,
                        " K": -2.9290287,
                        " the": -3.1399662,
                        " ": -3.2102787,
                        " that": -3.7024662
                    },
                    {
                        "crime": -1.6401641,
                        "zone": -2.2807891,
                        " Security": -3.0073516,
                        "security": -3.2339141,
                        "punk": -3.5620391
                    },
                    {
                        " and": -1.3050504,
                        ",": -1.9066129,
                        " a": -2.4300504,
                        " to": -2.8363004,
                        " Act": -3.1097379
                    },
                    {
                        " Cyber": -1.582192,
                        " Intellectual": -2.4337544,
                        " Anti": -2.6212544,
                        " Child": -3.113442,
                        " National": -3.3556294
                    },
                    {
                        "leg": -1.940118,
                        " to": -2.3541803,
                        " a": -2.9088678,
                        "lect": -3.1823053,
                        ".": -3.2604303
                    },
                    {
                        "ence": -0.055743705,
                        "ent": -3.7041812,
                        "ince": -4.969806,
                        "ience": -5.266681,
                        "ance": -6.047931
                    },
                    {
                        " a": -1.9677384,
                        " to": -2.163051,
                        " the": -2.850551,
                        " Unit": -3.0458634,
                        ",": -3.3739884
                    },
                    {
                        " attention": -2.0938823,
                        " importance": -2.5391948,
                        " chance": -2.8360698,
                        " more": -2.9298198,
                        " time": -3.6016948
                    },
                    {
                        ".": -1.8199531,
                        " at": -2.038703,
                        "?": -2.1090155,
                        " because": -3.101203,
                        ",": -3.1558905
                    }
                ],
                "text_offset": [
                    52,
                    54,
                    58,
                    62,
                    68,
                    69,
                    70,
                    73,
                    77,
                    84,
                    94,
                    99,
                    105,
                    110,
                    112,
                    118,
                    121,
                    125,
                    129,
                    139
                ]
            },
            "finish_reason": "stop"
        }
    ],
    "usage": {
        "prompt_tokens": 9,
        "completion_tokens": 20,
        "total_tokens": 29
    }
}