{
    "id": "cmpl-8jGVIar6hzRB84X7ghqnbxGnkVrww",
    "object": "text_completion",
    "created": 1705798892,
    "model": "davinci-002",
    "choices": [
        {
            "text": " technology and movies like this is what\u2019s planting ideas who knows what can happen in teenage years\n\ngood job to u Benny. I appreciate.\n\n",
            "index": 0,
            "logprobs": {
                "tokens": [
                    " technology",
                    " and",
                    " movies",
                    " like",
                    " this",
                    " is",
                    " what",
                    "\u2019s",
                    " planting",
                    " ideas",
                    " who",
                    " knows",
                    " what",
                    " can",
                    " happen",
                    " in",
                    " teenage",
                    " years",
                    "\n\n",
                    "good",
                    " job",
                    " to",
                    " u",
                    " Benny",
                    ".",
                    " I",
                    " appreciate",
                    ".\n\n"
                ],
                "token_logprobs": [
                    -3.366462,
                    -1.4511127,
                    -7.9928427,
                    -4.522676,
                    -4.5051756,
                    -2.5838757,
                    -2.4595945,
                    -3.5494986,
                    -8.519483,
                    -3.2693164,
                    -11.662145,
                    -1.4158298,
                    -1.3282839,
                    -3.372329,
                    -0.28924617,
                    -1.4968232,
                    -9.940737,
                    -1.578661,
                    -2.0752428,
                    -7.8376064,
                    -2.96111,
                    -3.3805385,
                    -5.180238,
                    -10.188581,
                    -3.3723137,
                    -2.4683812,
                    -4.400112,
                    -4.088934
                ],
                "top_logprobs": [
                    {
                        " technology": -3.366462,
                        " the": -2.6086495,
                        " social": -2.944587,
                        " their": -3.132087,
                        " mobile": -3.288337
                    },
                    {
                        " and": -1.4511127,
                        ".": -1.2870502,
                        ",": -1.9823627,
                        " that": -3.3261127,
                        " to": -3.4120502
                    },
                    {
                        " social": -2.149093,
                        " they": -2.492843,
                        " gadgets": -2.7350304,
                        " are": -3.1100304,
                        " the": -3.2194054
                    },
                    {
                        ".": -1.2101759,
                        ",": -1.9914259,
                        " and": -2.147676,
                        " that": -2.5304885,
                        " to": -3.0617385
                    },
                    {
                        " Harry": -2.7317379,
                        " the": -2.8020504,
                        " \u201c": -3.3645504,
                        " \u2018": -3.5442379,
                        " The": -3.6145504
                    },
                    {
                        " is": -2.5838757,
                        " are": -1.8416882,
                        " will": -2.8963757,
                        " one": -2.9198132,
                        " just": -3.4588757
                    },
                    {
                        " what": -2.4595945,
                        " a": -2.029907,
                        " the": -2.498657,
                        " not": -2.6158445,
                        " just": -2.904907
                    },
                    {
                        " they": -1.213561,
                        " is": -2.6276236,
                        " happens": -2.6901236,
                        " we": -2.8151236,
                        " makes": -3.2057486
                    },
                    {
                        " going": -2.3671389,
                        " making": -2.4218264,
                        " causing": -2.5312014,
                        " happening": -2.9687014,
                        " fuel": -3.3280764
                    },
                    {
                        " the": -0.9333789,
                        " bad": -2.6130664,
                        " that": -2.8318164,
                        " a": -2.8318164,
                        " seeds": -3.2068164
                    },
                    {
                        " in": -0.42776984,
                        " into": -1.8574574,
                        " of": -2.755895,
                        " and": -3.9355824,
                        " to": -4.123082
                    },
                    {
                        " knows": -1.4158298,
                        " to": -2.9705172,
                        " are": -3.0408297,
                        " they": -3.1111422,
                        " will": -3.2048922
                    },
                    {
                        " what": -1.3282839,
                        " maybe": -2.3595338,
                        " if": -3.3204713,
                        " they": -3.3829713,
                        ",": -3.3907838
                    },
                    {
                        " will": -2.3801415,
                        " they": -2.387954,
                        "\u2019s": -2.575454,
                        " in": -2.606704,
                        " could": -2.903579
                    },
                    {
                        " happen": -0.28924617,
                        " come": -2.226746,
                        " be": -3.304871,
                        " become": -4.664246,
                        " go": -5.1408086
                    },
                    {
                        " in": -1.4968232,
                        " next": -1.6374482,
                        " to": -2.9108858,
                        "\n\n": -2.9186983,
                        ".": -3.0124483
                    },
                    {
                        " the": -0.52667475,
                        " future": -1.6751122,
                        " a": -3.0266747,
                        " ": -3.8079247,
                        " Mal": -4.0110497
                    },
                    {
                        " years": -1.578661,
                        " minds": -1.422411,
                        " life": -2.859911,
                        " girls": -3.047411,
                        " hood": -3.266161
                    },
                    {
                        "\n\n": -2.0752428,
                        ".": -2.2861803,
                        ".\n\n": -2.3486803,
                        " and": -3.2236803,
                        " if": -3.2393053
                    },
                    {
                        "I": -2.5641692,
                        "The": -3.5016692,
                        "It": -3.8688567,
                        "Mal": -4.126669,
                        "<|endoftext|>": -4.173544
                    },
                    {
                        " job": -2.96111,
                        " movie": -1.4689226,
                        " to": -3.164235,
                        " for": -3.46111,
                        " one": -3.49236
                    },
                    {
                        " to": -3.3805385,
                        " guys": -2.622726,
                        "\n\n": -2.794601,
                        " for": -3.247726,