{
    "id": "cmpl-8jGUP6tKdBInqHGFmbxkXkrwB48jT",
    "object": "text_completion",
    "created": 1705798837,
    "model": "davinci-002",
    "choices": [
        {
            "text": " the iPhone and IPad and Daddy\u2019s laptop,\u201d he is recorded as saying. \u201cVery few children my",
            "index": 0,
            "logprobs": {
                "tokens": [
                    " the",
                    " iPhone",
                    " and",
                    " I",
                    "Pad",
                    " and",
                    " Daddy",
                    "\u2019s",
                    " laptop",
                    ",\u201d",
                    " he",
                    " is",
                    " recorded",
                    " as",
                    " saying",
                    ".",
                    " \u201c",
                    "Very",
                    " few",
                    " children",
                    " my"
                ],
                "token_logprobs": [
                    -2.55273,
                    -4.720663,
                    -1.4801434,
                    -3.9377606,
                    -6.6062636,
                    -2.0446172,
                    -10.281406,
                    -0.6624148,
                    -5.7324224,
                    -2.9984584,
                    -2.0183206,
                    -7.5018373,
                    -5.6393867,
                    -0.45418313,
                    -0.15508705,
                    -0.9934725,
                    -0.21750562,
                    -7.307314,
                    -0.7423646,
                    -2.465653,
                    -4.497201
                ],
                "top_logprobs": [
                    {
                        " the": -2.55273,
                        " their": -1.9667925,
                        " money": -3.005855,
                        " fashion": -3.67773,
                        " social": -3.7480426
                    },
                    {
                        " latest": -2.9237883,
                        " internet": -3.2362883,
                        " idea": -3.6269133,
                        " Internet": -3.9706633,
                        " Monaco": -4.376913
                    },
                    {
                        " and": -1.4801434,
                        ".": -1.5660809,
                        ",": -2.0270185,
                        " ": -2.6676435,
                        ".\n\n": -3.097331
                    },
                    {
                        " the": -2.1565106,
                        " Facebook": -3.164323,
                        " iPad": -3.1721356,
                        " other": -3.3127606,
                        " social": -3.414323
                    },
                    {
                        " think": -2.094545,
                        "pad": -2.4461074,
                        " don": -2.5398574,
                        "\u2019m": -3.1336074,
                        " am": -3.3054824
                    },
                    {
                        " and": -2.0446172,
                        ".": -1.1696172,
                        ",": -1.9664922,
                        ".\n\n": -3.0289922,
                        " to": -3.1383672
                    },
                    {
                        " they": -2.5001566,
                        " don": -2.7189066,
                        " not": -3.0782816,
                        " the": -3.1642191,
                        " I": -3.2189066
                    },
                    {
                        "\u2019s": -0.6624148,
                        "'s": -1.6233523,
                        " and": -3.1936648,
                        " is": -3.8342898,
                        " doesn": -4.2405396
                    },
                    {
                        " credit": -1.490235,
                        " money": -1.583985,
                        " bank": -3.7792974,
                        " wallet": -3.8574224,
                        " car": -3.8808599
                    },
                    {
                        ".": -1.0297085,
                        " and": -2.2328334,
                        ",": -2.2797084,
                        ".\n\n": -2.8578334,
                        " to": -2.9203334
                    },
                    {
                        " he": -2.0183206,
                        " says": -1.8620706,
                        " said": -1.9323831,
                        " she": -2.0964456,
                        " the": -3.198008
                    },
                    {
                        " said": -1.1971499,
                        " says": -1.4393374,
                        " told": -2.8533998,
                        " tells": -3.9237123,
                        " laughs": -3.9393373
                    },
                    {
                        " quoted": -0.7643866,
                        " reported": -1.8581367,
                        " heard": -2.6081367,
                        " said": -2.7565742,
                        " alleged": -3.8893867
                    },
                    {
                        " as": -0.45418313,
                        " saying": -1.6104331,
                        " to": -3.235433,
                        " telling": -3.4776206,
                        " in": -3.8213706
                    },
                    {
                        " saying": -0.15508705,
                        " telling": -2.826962,
                        " having": -3.701962,
                        " complaining": -4.2566495,
                        " writing": -6.201962
                    },
                    {
                        ".": -0.9934725,
                        ".\n\n": -1.2747226,
                        " in": -2.01691,
                        ",": -2.79816,
                        " on": -3.54816
                    },
                    {
                        " \u201c": -0.21750562,
                        " The": -3.9362557,
                        " He": -3.9831307,
                        " \"": -4.6237555,
                        "<|endoftext|>": -4.9675055
                    },
                    {
                        "They": -1.619814,
                        "I": -1.760439,
                        "It": -2.8620014,
                        "We": -2.994814,
                        "The": -3.307314
                    },
                    {
                        " few": -0.7423646,
                        " little": -2.7111146,
                        ",": -2.9220521,
                        " often": -3.1329896,
                        " sad": -3.2267396
                    },
                    {
                        " children": -2.465653,
                        " of": -1.3328406,
                        " kids": -1.8484656,
                        " are": -2.7547154,
                        " have": -2.9890904
                    },
                    {
                        " have": -2.2550135,
                        " are": -2.340951,
                        " read": -2.4268885,
                        " here": -2.5518885,
                        " play": -2.653451
                    }
                ],
                "text_offset": [
                    47,
                    51,
                    58,
                    62,
                    64,
                    67,
                    71,
                    77,
                    79,
                    86,
                    88,
                    91,
                    94,
                    103,
                    106,
                    113,
                    114,
                    116,
                    120,
                    124,
                    133
                ]
            },