{
    "id": "cmpl-8jF2ErsntoFpuKO8gGFsfBFYKF0nZ",
    "object": "text_completion",
    "created": 1705793246,
    "model": "davinci-002",
    "choices": [
        {
            "text": " illegal and problematic. In relation to beliefs about being raped, the article notes assisting a",
            "index": 0,
            "logprobs": {
                "tokens": [
                    " illegal",
                    " and",
                    " problematic",
                    ".",
                    " In",
                    " relation",
                    " to",
                    " beliefs",
                    " about",
                    " being",
                    " raped",
                    ",",
                    " the",
                    " article",
                    " notes",
                    " assisting",
                    " a"
                ],
                "token_logprobs": [
                    -3.8683355,
                    -0.8795839,
                    -7.6143727,
                    -1.2222632,
                    -2.8577542,
                    -7.7098646,
                    -0.017286582,
                    -7.9429784,
                    -0.8109747,
                    -7.9188204,
                    -3.6030793,
                    -0.47748756,
                    -1.9768809,
                    -8.392854,
                    -2.4519753,
                    -16.600485,
                    -0.9033139
                ],
                "top_logprobs": [
                    {
                        " a": -0.8058355,
                        " immoral": -2.7433355,
                        " an": -2.7745855,
                        " murder": -3.1808355,
                        " morally": -3.2745855
                    },
                    {
                        " and": -0.8795839,
                        ",": -1.2858338,
                        ".": -2.3795838,
                        " under": -3.7233338,
                        " in": -3.8405213
                    },
                    {
                        " immoral": -1.0987478,
                        " morally": -2.6534352,
                        " a": -3.1299977,
                        " unacceptable": -3.4971852,
                        " as": -3.5909352
                    },
                    {
                        ".": -1.2222632,
                        ",": -0.9722632,
                        " and": -2.8316383,
                        " for": -3.4566383,
                        ".\n\n": -3.5191383
                    },
                    {
                        " In": -2.8577542,
                        " The": -2.3655667,
                        " However": -2.4202542,
                        " This": -3.3030667,
                        " Women": -3.3733792
                    },
                    {
                        " a": -1.7528332,
                        " the": -2.2137709,
                        " ": -2.2684584,
                        " fact": -2.3309584,
                        " Sw": -2.3778334
                    },
                    {
                        " to": -0.017286582,
                        ",": -4.4782243,
                        " with": -6.8063493,
                        " the": -7.7750993,
                        "\n\n": -7.9157243
                    },
                    {
                        " the": -1.7554784,
                        " abortion": -1.7789159,
                        " this": -2.888291,
                        " HIV": -3.028916,
                        " women": -3.607041
                    },
                    {
                        " about": -0.8109747,
                        " on": -2.287537,
                        ",": -2.584412,
                        " regarding": -2.584412,
                        " and": -2.6547246
                    },
                    {
                        " abortion": -0.8836639,
                        " the": -1.7196014,
                        " women": -3.8446014,
                        " contraception": -3.9383514,
                        " pregnancy": -4.211789
                    },
                    {
                        " able": -1.9468294,
                        " pregnant": -2.1343293,
                        " a": -2.5171418,
                        " responsible": -3.2358918,
                        " forced": -3.4702668
                    },
                    {
                        ",": -0.47748756,
                        " and": -1.8759251,
                        " or": -3.1024876,
                        " by": -3.1024876,
                        " as": -3.6337376
                    },
                    {
                        " the": -1.9768809,
                        " ": -1.7346934,
                        " a": -2.9534435,
                        " men": -3.0471935,
                        " most": -3.2815685
                    },
                    {
                        " majority": -0.7170729,
                        " study": -3.232698,
                        " most": -3.545198,
                        " results": -3.638948,
                        " findings": -3.748323
                    },
                    {
                        " notes": -2.4519753,
                        " states": -2.1707253,
                        " found": -2.6551003,
                        " reports": -2.9832253,
                        " suggests": -3.3972878
                    },
                    {
                        " that": -0.44521126,
                        ",": -2.4608362,
                        ":\n\n": -2.5858362,
                        ":": -2.7733362,
                        " the": -3.6795862
                    },
                    {
                        " a": -0.9033139,
                        " women": -2.2705014,
                        " in": -2.6142514,
                        " someone": -2.8564389,
                        " with": -3.1142514
                    }
                ],
                "text_offset": [
                    49,
                    57,
                    61,
                    73,
                    74,
                    77,
                    86,
                    89,
                    97,
                    103,
                    109,
                    115,
                    116,
                    120,
                    128,
                    134,
                    144
                ]
            },
            "finish_reason": "stop"
        }
    ],
    "usage": {
        "prompt_tokens": 11,
        "completion_tokens": 17,
        "total_tokens": 28
    }
}