{
    "id": "cmpl-8jF6TjXtZ2YcBIg7URyRJmSiqE4j2",
    "object": "text_completion",
    "created": 1705793509,
    "model": "davinci-002",
    "choices": [
        {
            "text": " a catastrophic event in their lives. However, there are a few tips you need to know before filing that petition.",
            "index": 0,
            "logprobs": {
                "tokens": [
                    " a",
                    " catastrophic",
                    " event",
                    " in",
                    " their",
                    " lives",
                    ".",
                    " However",
                    ",",
                    " there",
                    " are",
                    " a",
                    " few",
                    " tips",
                    " you",
                    " need",
                    " to",
                    " know",
                    " before",
                    " filing",
                    " that",
                    " petition",
                    "."
                ],
                "token_logprobs": [
                    -0.6347872,
                    -6.208307,
                    -0.8922055,
                    -2.3480866,
                    -0.54202753,
                    -0.47430754,
                    -0.78367335,
                    -3.513695,
                    -0.04444948,
                    -2.7958193,
                    -0.34837627,
                    -2.6572018,
                    -1.1434602,
                    -4.693351,
                    -2.4330287,
                    -2.2488616,
                    -0.011174321,
                    -1.0323665,
                    -1.5499179,
                    -4.3393497,
                    -5.0344744,
                    -2.1793177,
                    -1.1963017
                ],
                "top_logprobs": [
                    {
                        " a": -0.6347872,
                        " an": -2.353537,
                        " something": -2.697287,
                        " the": -2.728537,
                        " shameful": -3.7675996
                    },
                    {
                        " failure": -1.9973694,
                        " last": -3.1145568,
                        " social": -3.1301818,
                        " stigma": -3.1536193,
                        " taboo": -3.2395568
                    },
                    {
                        " event": -0.8922055,
                        " failure": -1.993768,
                        " life": -3.243768,
                        " and": -3.415643,
                        " occurrence": -3.5797055
                    },
                    {
                        " in": -2.3480866,
                        ".": -1.4262116,
                        ",": -1.6371491,
                        " that": -1.8949616,
                        " and": -2.2230866
                    },
                    {
                        " their": -0.54202753,
                        " life": -2.002965,
                        " a": -2.0889025,
                        " the": -2.4014025,
                        " one": -4.2764025
                    },
                    {
                        " lives": -0.47430754,
                        " life": -1.1774325,
                        " family": -4.4899325,
                        " personal": -4.8024325,
                        " own": -4.95087
                    },
                    {
                        ".": -0.78367335,
                        ",": -1.5336733,
                        " and": -2.1899233,
                        ".\n\n": -2.8696108,
                        " that": -3.3383608
                    },
                    {
                        " They": -2.3808825,
                        " The": -2.84182,
                        " In": -3.013695,
                        " It": -3.1621325,
                        " This": -3.326195
                    },
                    {
                        ",": -0.04444948,
                        " ,": -4.380387,
                        " the": -6.114762,
                        " in": -6.442887,
                        " there": -6.5756993
                    },
                    {
                        " there": -2.7958193,
                        " the": -2.3583193,
                        " in": -2.9442568,
                        " it": -2.9755068,
                        " they": -2.9833193
                    },
                    {
                        " are": -0.34837627,
                        " is": -1.5280638,
                        "\u2019s": -4.2390013,
                        " may": -4.903064,
                        " have": -5.028064
                    },
                    {
                        " a": -2.6572018,
                        " some": -1.9931394,
                        " also": -2.3759518,
                        " many": -2.4072018,
                        " men": -2.6806393
                    },
                    {
                        " few": -1.1434602,
                        " lot": -1.3856477,
                        " number": -1.6747102,
                        " significant": -3.7997103,
                        " great": -3.8231478
                    },
                    {
                        " who": -1.833976,
                        " men": -2.224601,
                        " things": -2.521476,
                        " reasons": -2.724601,
                        " exceptions": -3.4042885
                    },
                    {
                        " you": -2.4330287,
                        " that": -0.88615364,
                        " on": -2.3314662,
                        " for": -2.3861537,
                        " to": -2.4330287
                    },
                    {
                        " need": -2.2488616,
                        " can": -0.756674,
                        " should": -1.2644866,
                        " may": -3.4676116,
                        " could": -3.6082366
                    },
                    {
                        " to": -0.011174321,
                        " in": -6.995549,
                        " for": -7.276799,
                        " when": -7.4721117,
                        " before": -7.5502367
                    },
                    {
                        " know": -1.0323665,
                        " follow": -1.8448665,
                        " keep": -2.0167415,
                        " consider": -2.3917415,
                        " remember": -2.977679
                    },
                    {
                        " before": -1.5499179,
                        " to": -1.7296054,
                        " about": -1.9796054,
                        " if": -2.143668,
                        " in": -2.753043
                    },
                    {
                        " you": -1.011225,
                        " getting": -2.198725,
                        " dating": -3.136225,
                        " going": -3.5581,
                        " marrying": -3.58935
                    },
                    {
                        " for": -0.26884916,
                        " a": -2.7141616,
                        " the": -2.9797866,
                        " your": -3.6985366,
                        ".": -4.0969744
                    },
                    {
                        " petition": -2.1793177,
                        " divorce": -0.9605678,
                        " paper": -2.7886927,
                        " application": -3.0855677,
                        " paperwork": -3.1558802
                    },
                    {
                        ".": -1.1963017,
                        ".\n\n": -1.1416142,
                        " for": -2.3447392,
                        ":\n\n": -2.9072392,