{
    "id": "cmpl-8jETja1urnVJ6zbB1H2RBmRWPGA7u",
    "object": "text_completion",
    "created": 1705791107,
    "model": "davinci-002",
    "choices": [
        {
            "text": " a personal failure and would believe that their reputation in the community will be significantly affected by getting divorced.\n\n",
            "index": 0,
            "logprobs": {
                "tokens": [
                    " a",
                    " personal",
                    " failure",
                    " and",
                    " would",
                    " believe",
                    " that",
                    " their",
                    " reputation",
                    " in",
                    " the",
                    " community",
                    " will",
                    " be",
                    " significantly",
                    " affected",
                    " by",
                    " getting",
                    " divorced",
                    ".\n\n"
                ],
                "token_logprobs": [
                    -0.5948714,
                    -3.9606857,
                    -0.20025529,
                    -1.6140764,
                    -3.5792408,
                    -8.859228,
                    -0.89529055,
                    -1.4575484,
                    -3.8680253,
                    -3.0849304,
                    -0.417256,
                    -0.31675488,
                    -2.3394637,
                    -0.31560987,
                    -5.1470804,
                    -1.9056354,
                    -1.5281488,
                    -3.7411568,
                    -0.94476765,
                    -1.6580162
                ],
                "top_logprobs": [
                    {
                        " a": -0.5948714,
                        " the": -2.524559,
                        " an": -2.618309,
                        " something": -3.4542465,
                        " being": -3.962059
                    },
                    {
                        " failure": -2.0075607,
                        " last": -2.6481857,
                        " negative": -2.6481857,
                        " positive": -3.3356857,
                        " \u201c": -3.5700607
                    },
                    {
                        " failure": -0.20025529,
                        " defeat": -3.723693,
                        " failing": -3.942443,
                        " tragedy": -4.208068,
                        " and": -4.270568
                    },
                    {
                        " and": -1.6140764,
                        ",": -1.1687639,
                        ".": -1.5047014,
                        ".\n\n": -3.1922014,
                        " that": -3.9187639
                    },
                    {
                        " would": -3.5792408,
                        " a": -2.3995533,
                        " are": -2.7042408,
                        " the": -3.3604908,
                        " they": -3.5792408
                    },
                    {
                        " rather": -0.97250956,
                        " prefer": -1.9412596,
                        " not": -2.5662596,
                        " be": -3.0350096,
                        " like": -3.7146971
                    },
                    {
                        " that": -0.89529055,
                        " it": -2.0827906,
                        " they": -2.2702906,
                        " their": -2.3327906,
                        " the": -3.153103
                    },
                    {
                        " their": -1.4575484,
                        " they": -1.7700484,
                        " it": -2.3559859,
                        " the": -2.6841109,
                        " a": -2.8403609
                    },
                    {
                        " friends": -2.0242753,
                        " children": -2.5164628,
                        " family": -2.8055253,
                        " marriage": -3.3992753,
                        " ex": -3.4149003
                    },
                    {
                        " would": -1.3349303,
                        " and": -1.9755553,
                        " is": -2.170868,
                        " as": -2.5068054,
                        " has": -2.7099304
                    },
                    {
                        " the": -0.417256,
                        " society": -1.8469435,
                        " their": -2.1203809,
                        " public": -4.682881,
                        " business": -5.1438184
                    },
                    {
                        " community": -0.31675488,
                        " eyes": -2.5042548,
                        " society": -3.8401923,
                        " neighborhood": -4.0276923,
                        " business": -4.1214423
                    },
                    {
                        " will": -2.3394637,
                        " would": -0.6597763,
                        " is": -2.2847762,
                        " has": -2.8082137,
                        " and": -3.0425887
                    },
                    {
                        " be": -0.31560987,
                        " suffer": -1.7218599,
                        " also": -4.37811,
                        " take": -4.53436,
                        " diminish": -5.1671724
                    },
                    {
                        " damaged": -1.6314553,
                        " tarn": -1.8658303,
                        " affected": -2.233018,
                        " ruined": -2.6470804,
                        " negatively": -2.8189554
                    },
                    {
                        " affected": -1.9056354,
                        " damaged": -0.9603229,
                        " diminished": -2.6243854,
                        " harmed": -2.7415729,
                        " tarn": -2.8431354
                    },
                    {
                        " by": -1.5281488,
                        ".": -1.3172113,
                        " if": -1.7547113,
                        ".\n\n": -2.4422112,
                        ",": -3.2234612
                    },
                    {
                        " a": -1.2333443,
                        " the": -1.6630318,
                        " it": -2.0067818,
                        " divorce": -2.1005318,
                        " their": -2.6708443
                    },
                    {
                        " divorced": -0.94476765,
                        " a": -0.58539265,
                        " divorce": -4.35883,
                        " one": -4.874455,
                        " separated": -4.98383
                    },
                    {
                        ".\n\n": -1.6580162,
                        ".": -0.50957865,
                        ",": -2.8767662,
                        " (": -3.8377037,
                        " and": -4.5877037
                    }
                ],
                "text_offset": [
                    45,
                    47,
                    56,
                    64,
                    68,
                    74,
                    82,
                    87,
                    93,
                    104,
                    107,
                    111,
                    121,
                    126,
                    129,
                    143,
                    152,
                    155,
                    163,
                    172
                ]
            },
            "finish_reason": "stop"
        }
    ],
    "usage": {
        "prompt_tokens": 9,
        "completion_tokens": 20,
        "total_tokens": 29
    }
}