{
    "id": "cmpl-8jFJRU7oD45mlqruRaTHc8TFzIV90",
    "object": "text_completion",
    "created": 1705794313,
    "model": "davinci-002",
    "choices": [
        {
            "text": " not the identity police. It is the task of identifying the experience of the eater with the identity chosen in accordance",
            "index": 0,
            "logprobs": {
                "tokens": [
                    " not",
                    " the",
                    " identity",
                    " police",
                    ".",
                    " It",
                    " is",
                    " the",
                    " task",
                    " of",
                    " identifying",
                    " the",
                    " experience",
                    " of",
                    " the",
                    " eater",
                    " with",
                    " the",
                    " identity",
                    " chosen",
                    " in",
                    " accordance"
                ],
                "token_logprobs": [
                    -2.9413524,
                    -1.851564,
                    -8.805676,
                    -7.9525995,
                    -2.175719,
                    -0.9123242,
                    -0.701222,
                    -0.61284214,
                    -9.2471,
                    -1.2096419,
                    -4.8319693,
                    -1.5500189,
                    -10.085871,
                    -0.8494606,
                    -1.6904547,
                    -13.2381,
                    -2.6704416,
                    -0.5006657,
                    -2.7455359,
                    -10.295604,
                    -4.099819,
                    -5.313328
                ],
                "top_logprobs": [
                    {
                        " not": -2.9413524,
                        " that": -1.4882275,
                        " the": -1.9257275,
                        " to": -2.5351024,
                        ",": -3.3007274
                    },
                    {
                        " the": -1.851564,
                        " to": -2.351564,
                        " being": -2.726564,
                        " that": -2.7343764,
                        " getting": -2.914064
                    },
                    {
                        " lack": -2.504895,
                        " language": -3.1220825,
                        " money": -3.754895,
                        " cost": -4.1533327,
                        " fact": -4.3095827
                    },
                    {
                        " of": -1.4643182,
                        " theft": -2.3002558,
                        " crisis": -2.3080683,
                        ",": -2.4018183,
                        " politics": -3.2299433
                    },
                    {
                        ".": -2.175719,
                        ",": -1.113219,
                        " but": -2.003844,
                        " or": -2.6522815,
                        " (": -3.566344
                    },
                    {
                        " It": -0.9123242,
                        " I": -2.1623242,
                        " My": -2.4670117,
                        " The": -3.1623242,
                        " They": -3.4591992
                    },
                    {
                        " is": -0.701222,
                        "\u2019s": -1.373097,
                        "'s": -1.576222,
                        "\u00b4s": -5.1465344,
                        " was": -5.4746594
                    },
                    {
                        " the": -0.61284214,
                        " not": -3.1519046,
                        " my": -3.1675296,
                        " that": -3.2612796,
                        " a": -4.0269046
                    },
                    {
                        " identity": -2.7314749,
                        " fact": -3.0283499,
                        " lack": -3.6611624,
                        " police": -3.7470999,
                        " German": -4.1455374
                    },
                    {
                        " of": -1.2096419,
                        " force": -1.6315169,
                        " police": -2.006517,
                        " to": -2.365892,
                        "force": -3.7330794
                    },
                    {
                        " finding": -2.4257193,
                        " the": -2.7929068,
                        " getting": -3.2304068,
                        " keeping": -3.7538443,
                        " making": -3.8788443
                    },
                    {
                        " the": -1.5500189,
                        " myself": -1.8312689,
                        " and": -2.7218938,
                        " my": -2.9250188,
                        " a": -3.3547063
                    },
                    {
                        " identity": -2.5643866,
                        " right": -2.9081366,
                        " police": -3.5331366,
                        " people": -3.978449,
                        " real": -4.025324
                    },
                    {
                        " of": -0.8494606,
                        " and": -2.0994606,
                        " I": -3.107273,
                        ",": -3.122898,
                        " that": -3.1307106
                    },
                    {
                        " the": -1.6904547,
                        " my": -2.6670172,
                        " a": -2.8701422,
                        " being": -2.9092047,
                        " others": -3.4326422
                    },
                    {
                        " past": -2.9136367,
                        " elderly": -2.9605117,
                        " other": -3.4605117,
                        " people": -3.6011367,
                        " police": -3.8511367
                    },
                    {
                        " with": -2.6704416,
                        ".": -1.240754,
                        ",": -2.2954416,
                        " and": -2.4829416,
                        ".\n\n": -2.6470041
                    },
                    {
                        " the": -0.5006657,
                        " that": -2.8053532,
                        " a": -3.2506657,
                        " his": -3.5944157,
                        " their": -4.039728
                    },
                    {
                        " identity": -2.7455359,
                        " experience": -1.2142859,
                        " food": -3.0658484,
                        " taste": -3.7142859,
                        " eating": -4.1439734
                    },
                    {
                        " of": -0.18622899,
                        " police": -3.4909165,
                        ".": -4.0377913,
                        " and": -4.4674788,
                        " that": -5.1002913
                    },
                    {
                        " by": -0.896694,
                        ".": -1.834194,
                        " for": -1.974819,
                        " to": -2.881069,
                        ".\n\n": -3.271694
                    },
                    {
                        " the": -0.6883279,
                        " order": -2.7195778,
                        " a": -2.7977028,
                        " advance": -3.3914528,
                        " this": -3.8445778
                    }
                ],