{
    "id": "cmpl-8jFzj0BCqRqBWWCggB5ZPojR2MxWJ",
    "object": "text_completion",
    "created": 1705796935,
    "model": "davinci-002",
    "choices": [
        {
            "text": " the oil\u2026\n\nThe people of Venezuela have been suffering for the last four years. Government officials make decisions\u2026",
            "index": 0,
            "logprobs": {
                "tokens": [
                    " the",
                    " oil",
                    "\u2026\n\n",
                    "The",
                    " people",
                    " of",
                    " Venezuela",
                    " have",
                    " been",
                    " suffering",
                    " for",
                    " the",
                    " last",
                    " four",
                    " years",
                    ".",
                    " Government",
                    " officials",
                    " make",
                    " decisions",
                    "\u2026"
                ],
                "token_logprobs": [
                    -0.5398677,
                    -2.9225583,
                    -7.3847632,
                    -1.9236851,
                    -5.891128,
                    -0.4387097,
                    -3.7346444,
                    -1.4992307,
                    -1.5605558,
                    -2.6581793,
                    -1.2222626,
                    -2.3191385,
                    -1.1219666,
                    -2.7551832,
                    -0.22525409,
                    -1.6391575,
                    -7.3613834,
                    -2.8167253,
                    -6.3273726,
                    -3.3623824,
                    -2.3717575
                ],
                "top_logprobs": [
                    {
                        " the": -0.5398677,
                        " that": -2.7117426,
                        " its": -3.5789301,
                        " when": -4.2195554,
                        " probably": -4.2664304
                    },
                    {
                        " oil": -2.9225583,
                        " discovery": -2.5475583,
                        " change": -2.8288083,
                        " election": -2.8991208,
                        " ": -3.2038083
                    },
                    {
                        " discovery": -0.7519508,
                        " and": -1.4316382,
                        " find": -2.2753882,
                        " discoveries": -3.3535132,
                        " boom": -3.3925757
                    },
                    {
                        "The": -1.9236851,
                        "Guy": -3.25181,
                        "In": -3.7908726,
                        "A": -3.81431,
                        "I": -3.8846226
                    },
                    {
                        " Guy": -3.4028468,
                        " government": -3.8872218,
                        " Government": -3.9106593,
                        " ": -4.0200343,
                        " oil": -4.121597
                    },
                    {
                        " of": -0.4387097,
                        " who": -2.8918347,
                        " are": -3.3293347,
                        " have": -3.4933972,
                        " in": -3.5793347
                    },
                    {
                        " Venezuela": -3.7346444,
                        " Guy": -0.48464444,
                        " the": -2.617457,
                        " this": -4.2971444,
                        " Sur": -4.523707
                    },
                    {
                        " have": -1.4992307,
                        " are": -1.3742307,
                        " and": -2.5773559,
                        ",": -2.6398559,
                        " will": -2.9367309
                    },
                    {
                        " been": -1.5605558,
                        " a": -2.810556,
                        " suffered": -2.873056,
                        " spoken": -3.341806,
                        " the": -3.5839934
                    },
                    {
                        " suffering": -2.6581793,
                        " living": -3.2284918,
                        " subjected": -3.3613043,
                        " through": -3.4081793,
                        " in": -3.6659918
                    },
                    {
                        " for": -1.2222626,
                        " from": -1.9410126,
                        " under": -2.0894501,
                        " since": -3.2613251,
                        " the": -3.3785126
                    },
                    {
                        " the": -2.3191385,
                        " a": -1.7019511,
                        " years": -2.405076,
                        " many": -2.717576,
                        " more": -2.764451
                    },
                    {
                        " last": -1.1219666,
                        " past": -0.4813416,
                        " better": -4.2313414,
                        " longest": -4.754779,
                        " ": -5.879779
                    },
                    {
                        " four": -2.7551832,
                        " ": -1.0442456,
                        " two": -1.8333081,
                        " five": -2.5989332,
                        " three": -2.6614332
                    },
                    {
                        " years": -0.22525409,
                        " months": -2.647129,
                        " decades": -2.772129,
                        " and": -4.053379,
                        " or": -4.8111916
                    },
                    {
                        ".": -1.6391575,
                        " under": -1.7641575,
                        ",": -2.318845,
                        " because": -2.36572,
                        " due": -2.568845
                    },
                    {
                        " The": -1.5801336,
                        " They": -2.150446,
                        " Their": -3.259821,
                        " This": -3.2988834,
                        " It": -3.353571
                    },
                    {
                        " officials": -2.8167253,
                        " corruption": -1.9339129,
                        " repression": -2.8167253,
                        " policies": -2.9807878,
                        " oppression": -3.1370378
                    },
                    {
                        " have": -1.3273727,
                        " are": -2.2023726,
                        " and": -2.22581,
                        ",": -2.50706,
                        " in": -3.0617476
                    },
                    {
                        " decisions": -3.3623824,
                        "\u2026\n\n": -1.5811324,
                        " it": -2.838945,
                        " a": -3.01082,
                        "\u2026": -3.2373824
                    },
                    {
                        "\u2026": -2.3717575,
                        "\u2026\n\n": -0.73894507,
                        " that": -1.9655075,
                        " without": -3.0436325,
                        " for": -3.6842575
                    }
                ],