{
    "id": "cmpl-8jGCAFGHxrF2HUV001j4GiHDQ8sNV",
    "object": "text_completion",
    "created": 1705797706,
    "model": "davinci-002",
    "choices": [
        {
            "text": "\n\nsocial distancing will be very difficult in churches, and will affect Sunday and\n\nceremonies during ce",
            "index": 0,
            "logprobs": {
                "tokens": [
                    "\n\n",
                    "social",
                    " distancing",
                    " will",
                    " be",
                    " very",
                    " difficult",
                    " in",
                    " churches",
                    ",",
                    " and",
                    " will",
                    " affect",
                    " Sunday",
                    " and",
                    "\n\n",
                    "cer",
                    "emon",
                    "ies",
                    " during",
                    " ce"
                ],
                "token_logprobs": [
                    -5.8515697,
                    -8.32857,
                    -6.68763,
                    -8.098053,
                    -1.2279359,
                    -4.996381,
                    -1.6277955,
                    -2.3805952,
                    -7.629,
                    -2.1516852,
                    -2.7375424,
                    -4.1640368,
                    -4.2709866,
                    -5.424044,
                    -3.7682235,
                    -1.7224965,
                    -8.420644,
                    -0.18802457,
                    -0.15169863,
                    -3.7914042,
                    -12.350407
                ],
                "top_logprobs": [
                    {
                        " the": -0.6562571,
                        " that": -2.3203197,
                        " undoubtedly": -3.0546947,
                        " probably": -3.2812572,
                        ",": -3.8281322
                    },
                    {
                        "the": -1.1957581,
                        "that": -2.836383,
                        "The": -3.180133,
                        "probably": -3.289508,
                        "A": -3.852008
                    },
                    {
                        "ism": -1.9493489,
                        " and": -2.480599,
                        "ly": -2.7696614,
                        " change": -3.136849,
                        " unrest": -3.2540364
                    },
                    {
                        ".": -1.3675842,
                        ".\n\n": -2.0394592,
                        ",": -2.2425842,
                        " and": -2.4535217,
                        "\n\n": -2.6644592
                    },
                    {
                        " be": -1.2279359,
                        " help": -2.9310608,
                        " not": -3.1498108,
                        " last": -3.2748108,
                        " have": -3.4310608
                    },
                    {
                        " the": -2.2698185,
                        " lifted": -2.8948185,
                        " a": -2.918256,
                        " in": -3.012006,
                        " extended": -3.387006
                    },
                    {
                        " difficult": -1.6277955,
                        " important": -1.8465455,
                        " hard": -2.151233,
                        " effective": -2.5965455,
                        " easy": -3.2215455
                    },
                    {
                        " in": -2.3805952,
                        " to": -1.4430952,
                        " for": -2.0837202,
                        "\n\n": -2.3805952,
                        ".\n\n": -2.7087202
                    },
                    {
                        " Peru": -1.4961877,
                        " the": -2.1446252,
                        " peru": -2.4883752,
                        " a": -2.7696252,
                        " my": -2.8868127
                    },
                    {
                        ",": -2.1516852,
                        "\n\n": -2.0813727,
                        " and": -2.2688727,
                        " because": -2.4016852,
                        ".": -2.4876227
                    },
                    {
                        " and": -2.7375424,
                        " schools": -2.620355,
                        " so": -2.6906674,
                        " especially": -3.04223,
                        " but": -3.0969174
                    },
                    {
                        " the": -2.554662,
                        " it": -2.992162,
                        " many": -3.132787,
                        " that": -3.351537,
                        " there": -3.4062245
                    },
                    {
                        " be": -2.0209863,
                        " require": -2.7397363,
                        " not": -2.8647363,
                        " probably": -2.9350488,
                        " have": -3.0366113
                    },
                    {
                        " the": -1.283419,
                        " attendance": -2.0568566,
                        "\n\n": -2.8849816,
                        " church": -2.9396691,
                        " our": -3.5568566
                    },
                    {
                        "\n\n": -1.401036,
                        " Mass": -1.9869735,
                        " attendance": -2.2057235,
                        " worship": -2.2525985,
                        " services": -2.432286
                    },
                    {
                        "\n\n": -1.7224965,
                        " Holy": -2.2381215,
                        " daily": -2.699059,
                        " other": -2.8162465,
                        " holiday": -2.8474965
                    },
                    {
                        "the": -2.530019,
                        "The": -2.8815815,
                        "I": -4.186269,
                        "Per": -4.436269,
                        "In": -4.4753313
                    },
                    {
                        "emon": -0.18802457,
                        "emony": -1.961462,
                        "amic": -4.977087,
                        "amics": -5.0161495,
                        "im": -6.367712
                    },
                    {
                        "ies": -0.15169863,
                        "ial": -2.0891986,
                        "ials": -5.1360736,
                        "ious": -5.4173236,
                        "ially": -6.1985736
                    },
                    {
                        ".": -1.3773417,
                        ",": -1.8460917,
                        " and": -2.5726542,
                        ".\n\n": -2.9085917,
                        " in": -3.3617167
                    },
                    {
                        " the": -1.162907,
                        " Holy": -1.756657,
                        " Lent": -2.6629071,
                        " Easter": -2.7879071,
                        " Christmas": -2.9050946
                    }
                ],
                "text_offset": [
                    72,
                    74,
                    80,
                    91,
                    96,
                    99,
                    104,
                    114,
                    117,
                    126,
                    127,
                    131,
                    136,
                    143,
                    150,
                    154,
                    156,
                    159,
                    163,
                    166,
                    173
                ]
            },