{
    "id": "cmpl-8jFolQlhMkKNTcHC3xdX3EAyPvnWH",
    "object": "text_completion",
    "created": 1705796255,
    "model": "davinci-002",
    "choices": [
        {
            "text": ":\n\nwhen they achieved independence from their colonial power, that is, Great Britain.\n",
            "index": 0,
            "logprobs": {
                "tokens": [
                    ":\n\n",
                    "when",
                    " they",
                    " achieved",
                    " independence",
                    " from",
                    " their",
                    " colonial",
                    " power",
                    ",",
                    " that",
                    " is",
                    ",",
                    " Great",
                    " Britain",
                    ".\n"
                ],
                "token_logprobs": [
                    -5.475842,
                    -7.108421,
                    -2.82998,
                    -5.9049783,
                    -0.62672764,
                    -0.69397163,
                    -4.4722543,
                    -1.1055244,
                    -2.146635,
                    -1.1795934,
                    -6.1002927,
                    -1.0792449,
                    -1.1184275,
                    -2.6975837,
                    -0.021559753,
                    -5.1444216
                ],
                "top_logprobs": [
                    {
                        " the": -0.54615444,
                        " that": -2.960217,
                        " probably": -3.210217,
                        " its": -3.366467,
                        " independence": -3.9524045
                    },
                    {
                        "The": -1.7099832,
                        "A": -2.5693583,
                        "a": -2.8193583,
                        "Ben": -3.0224833,
                        "1": -3.2724833
                    },
                    {
                        " they": -2.82998,
                        " the": -1.3456048,
                        " it": -2.6971674,
                        " Ben": -2.7596674,
                        " Nigeria": -3.1502924
                    },
                    {
                        " got": -1.9127909,
                        " were": -2.0768533,
                        " became": -2.2331033,
                        " gained": -2.7956033,
                        " lost": -3.1471658
                    },
                    {
                        " independence": -0.62672764,
                        " their": -1.6579776,
                        " independ": -3.5017276,
                        " Independence": -3.6892276,
                        " the": -3.97829
                    },
                    {
                        " from": -0.69397163,
                        " in": -1.9049091,
                        "\n\n": -2.2799091,
                        ".\n\n": -3.1705341,
                        " and": -3.3267841
                    },
                    {
                        " the": -1.3160042,
                        " France": -1.4956917,
                        " Britain": -1.6988167,
                        " Great": -2.8785043,
                        " British": -3.2535043
                    },
                    {
                        " colonial": -1.1055244,
                        " colon": -2.113337,
                        " French": -2.363337,
                        " former": -2.5742745,
                        " British": -3.3086495
                    },
                    {
                        " power": -2.146635,
                        " masters": -1.240385,
                        " rulers": -1.6856976,
                        " ruler": -2.3106976,
                        " master": -2.834135
                    },
                    {
                        ",": -1.1795934,
                        "\n\n": -1.859281,
                        ".\n\n": -2.218656,
                        " in": -2.734281,
                        " (": -2.796781
                    },
                    {
                        " France": -0.84248006,
                        " the": -2.1784177,
                        " Britain": -2.4596677,
                        " Great": -2.9831052,
                        " Portugal": -3.0299802
                    },
                    {
                        " is": -1.0792449,
                        " was": -1.4151824,
                        " being": -2.2433074,
                        " would": -2.8214324,
                        "'s": -3.3604949
                    },
                    {
                        ",": -1.1184275,
                        " France": -1.6184275,
                        " the": -2.2903025,
                        " Britain": -2.9309275,
                        " from": -2.9934275
                    },
                    {
                        " Great": -2.6975837,
                        " France": -1.2913337,
                        " the": -1.7210212,
                        " from": -2.2132087,
                        " Britain": -2.2913337
                    },
                    {
                        " Britain": -0.021559753,
                        " Brit": -4.529372,
                        "\n\n": -6.076247,
                        "-B": -6.138747,
                        "\n": -6.185622
                    },
                    {
                        ".\n\n": -1.0194215,
                        "\n\n": -1.511609,
                        ".": -2.074109,
                        ",": -2.3319216,
                        " in": -2.4725466
                    }
                ],
                "text_offset": [
                    74,
                    77,
                    81,
                    86,
                    95,
                    108,
                    113,
                    119,
                    128,
                    134,
                    135,
                    140,
                    143,
                    144,
                    150,
                    158
                ]
            },
            "finish_reason": "stop"
        }
    ],
    "usage": {
        "prompt_tokens": 16,
        "completion_tokens": 16,
        "total_tokens": 32
    }
}