{
    "id": "cmpl-8jFvbVp6AbI7PrVru42rOgN8L7icG",
    "object": "text_completion",
    "created": 1705796679,
    "model": "davinci-002",
    "choices": [
        {
            "text": " the inauguration of the Botanical Garden and the opening of the interest bridge to ferry people across to Portsmouth.\u201d",
            "index": 0,
            "logprobs": {
                "tokens": [
                    " the",
                    " inauguration",
                    " of",
                    " the",
                    " Bot",
                    "anical",
                    " Garden",
                    " and",
                    " the",
                    " opening",
                    " of",
                    " the",
                    " interest",
                    " bridge",
                    " to",
                    " ferry",
                    " people",
                    " across",
                    " to",
                    " Portsmouth",
                    ".\u201d"
                ],
                "token_logprobs": [
                    -0.62311953,
                    -6.301177,
                    -0.06584257,
                    -0.60816896,
                    -5.3002567,
                    -0.33507463,
                    -1.2925234,
                    -2.836139,
                    -0.743552,
                    -3.0235295,
                    -0.056034762,
                    -0.3909276,
                    -10.919641,
                    -5.24823,
                    -3.5379183,
                    -6.70453,
                    -1.3668983,
                    -1.438209,
                    -1.773185,
                    -3.5849984,
                    -5.5060062
                ],
                "top_logprobs": [
                    {
                        " the": -0.62311953,
                        " Hurricane": -1.9512446,
                        " probably": -3.4199946,
                        " that": -3.537182,
                        " its": -4.380932
                    },
                    {
                        " passage": -1.8441459,
                        " passing": -3.0316458,
                        " ": -3.0785208,
                        " devastation": -3.2816458,
                        " Hurricane": -3.7269583
                    },
                    {
                        " of": -0.06584257,
                        " and": -3.5580301,
                        " in": -4.4252176,
                        " on": -5.52678,
                        ",": -5.542405
                    },
                    {
                        " the": -0.60816896,
                        " a": -2.592544,
                        " our": -2.623794,
                        " its": -3.436294,
                        " President": -3.6003566
                    },
                    {
                        " Rose": -2.5502565,
                        " new": -3.0346315,
                        " first": -3.2221315,
                        " Commonwealth": -3.2846315,
                        " Domin": -3.3627565
                    },
                    {
                        "anical": -0.33507463,
                        "anic": -1.2725747,
                        "an": -5.999137,
                        "ant": -7.342887,
                        "ancial": -8.069449
                    },
                    {
                        " Garden": -1.2925234,
                        " Gardens": -0.41752332,
                        " gardens": -4.065961,
                        " garden": -4.4643984,
                        " Park": -5.034711
                    },
                    {
                        " and": -2.836139,
                        ".": -1.367389,
                        " in": -1.6408265,
                        ",": -2.258014,
                        ".\n\n": -3.008014
                    },
                    {
                        " the": -0.743552,
                        " its": -2.7357395,
                        " Rose": -3.1732395,
                        " Nature": -3.7513645,
                        " it": -3.8607395
                    },
                    {
                        " opening": -3.0235295,
                        " World": -3.6016545,
                        " creation": -3.656342,
                        " Rose": -3.8204045,
                        " Rain": -4.0235295
                    },
                    {
                        " of": -0.056034762,
                        " to": -4.563847,
                        " up": -4.6966596,
                        " ceremony": -5.032597,
                        " in": -5.079472
                    },
                    {
                        " the": -0.3909276,
                        " a": -3.3284276,
                        " our": -4.0706153,
                        " its": -4.109678,
                        " Domin": -4.1643653
                    },
                    {
                        " Rose": -2.8200314,
                        " Nature": -2.905969,
                        " Bot": -3.093469,
                        " Cab": -3.280969,
                        " new": -3.687219
                    },
                    {
                        " in": -2.0294802,
                        " free": -2.2794802,
                        "-free": -2.5919802,
                        " of": -2.7482302,
                        " section": -2.7560427
                    },
                    {
                        " to": -3.5379183,
                        ".": -1.0066683,
                        ".\n\n": -2.1941683,
                        " in": -2.3113558,
                        ",": -2.5535433
                    },
                    {
                        " the": -0.8412484,
                        " connect": -2.8412485,
                        " Domin": -3.895936,
                        " Cal": -4.411561,
                        " access": -4.4506235
                    },
                    {
                        " people": -1.3668983,
                        " visitors": -1.7106483,
                        " tourists": -2.0934608,
                        " the": -2.6950233,
                        " passengers": -2.9059608
                    },
                    {
                        " across": -1.438209,
                        " to": -1.281959,
                        " from": -1.8053966,
                        " and": -2.6803966,
                        " over": -2.813209
                    },
                    {
                        " to": -1.773185,
                        " the": -0.43724754,
                        ".": -3.179435,
                        " from": -3.8747475,
                        ".\n\n": -4.0778728
                    },
                    {
                        " Portsmouth": -3.5849984,
                        " the": -0.6162483,
                        " it": -2.7412484,
                        " Rose": -3.8115609,
                        " Mor": -4.006873
                    },
                    {
                        ".": -0.8653813,
                        ".\n\n": -1.8497562,
                        ",": -2.5685062,
                        " and": -2.6153812,
                        " to": -3.6856937
                    }
                ],