{
    "id": "cmpl-8jGC8LGM6PC4GVPEC3Ppo7OTNFXq2",
    "object": "text_completion",
    "created": 1705797704,
    "model": "davinci-002",
    "choices": [
        {
            "text": " the withdrawal of the terrorist group Sendero Luminoso (Shining Path) from the Kimbiri Valley in the region of",
            "index": 0,
            "logprobs": {
                "tokens": [
                    " the",
                    " withdrawal",
                    " of",
                    " the",
                    " terrorist",
                    " group",
                    " Sender",
                    "o",
                    " L",
                    "umin",
                    "oso",
                    " (",
                    "Sh",
                    "ining",
                    " Path",
                    ")",
                    " from",
                    " the",
                    " Kim",
                    "b",
                    "iri",
                    " Valley",
                    " in",
                    " the",
                    " region",
                    " of"
                ],
                "token_logprobs": [
                    -0.6157291,
                    -6.904563,
                    -0.07207834,
                    -0.8594079,
                    -3.7161946,
                    -0.57591474,
                    -2.110454,
                    -0.0024918262,
                    -0.018512305,
                    -0.0013929732,
                    -0.01728447,
                    -0.99346393,
                    -0.4014929,
                    -0.027255706,
                    -0.009741448,
                    -0.64399916,
                    -0.3768883,
                    -0.57146287,
                    -12.619394,
                    -0.33290115,
                    -0.010122933,
                    -1.7306197,
                    -1.5954002,
                    -0.7221325,
                    -2.742279,
                    -0.02266552
                ],
                "top_logprobs": [
                    {
                        " the": -0.6157291,
                        " that": -2.303229,
                        " undoubtedly": -3.4047916,
                        " probably": -3.8422916,
                        " its": -3.943854
                    },
                    {
                        " election": -2.4748755,
                        " ": -3.3498755,
                        " discovery": -3.3498755,
                        " change": -3.7561255,
                        " presidential": -3.8655005
                    },
                    {
                        " of": -0.07207834,
                        " from": -3.0252032,
                        " and": -5.400203,
                        " by": -5.9705157,
                        ",": -6.1423907
                    },
                    {
                        " the": -0.8594079,
                        " US": -3.0547204,
                        " U": -3.640658,
                        " its": -3.6484704,
                        " Peru": -3.781283
                    },
                    {
                        " United": -2.0755696,
                        " Sh": -2.5833821,
                        " US": -2.5911946,
                        " Fuj": -2.6771321,
                        " U": -2.9661946
                    },
                    {
                        " group": -0.57591474,
                        " organization": -1.3415397,
                        " movement": -3.4821649,
                        " organisation": -3.6071649,
                        " groups": -3.7243524
                    },
                    {
                        " Sender": -2.110454,
                        " Sh": -1.501079,
                        ",": -2.157329,
                        " known": -2.469829,
                        " \u201c": -2.5557666
                    },
                    {
                        "o": -0.0024918262,
                        "os": -6.330617,
                        "ismo": -8.854054,
                        "\u00f3": -10.166554,
                        "<|endoftext|>": -10.229054
                    },
                    {
                        " L": -0.018512305,
                        "\n\n": -5.8778872,
                        "\n": -6.0888247,
                        " Lum": -6.7763247,
                        "L": -6.8153872
                    },
                    {
                        "umin": -0.0013929732,
                        "umb": -7.860768,
                        "imp": -8.243581,
                        "umi": -8.524831,
                        "um": -9.321706
                    },
                    {
                        "oso": -0.01728447,
                        "osa": -4.962597,
                        "os": -5.790722,
                        "osos": -6.181347,
                        "iso": -6.603222
                    },
                    {
                        " (": -0.99346393,
                        ".": -1.946589,
                        ",": -2.0481515,
                        " from": -2.055964,
                        " and": -3.196589
                    },
                    {
                        "Sh": -0.4014929,
                        "SL": -1.7686803,
                        "Sender": -3.7843053,
                        "the": -4.1905556,
                        "The": -4.6280556
                    },
                    {
                        "ining": -0.027255706,
                        "inning": -3.6210058,
                        "in": -9.886631,
                        "inin": -11.292881,
                        "iny": -11.3319435
                    },
                    {
                        " Path": -0.009741448,
                        " path": -4.9628663,
                        " Way": -6.861304,
                        "Path": -7.7128663,
                        " Road": -7.9316163
                    },
                    {
                        ")": -0.64399916,
                        ").": -1.3627491,
                        "),": -1.9486866,
                        ").\n\n": -3.6361866,
                        ",": -4.2768116
                    },
                    {
                        " from": -0.3768883,
                        " and": -2.4393883,
                        " in": -2.9237633,
                        " which": -3.8222008,
                        " that": -4.0800133
                    },
                    {
                        " the": -0.57146287,
                        " its": -2.8527129,
                        " urban": -2.9542754,
                        " their": -3.5636504,
                        " Peru": -3.9699004
                    },
                    {
                        " political": -1.8479098,
                        " cities": -2.19166,
                        " Per": -2.926035,
                        " country": -3.113535,
                        " urban": -3.1682224
                    },
                    {
                        "b": -0.33290115,
                        "iri": -2.3954012,
                        "ir": -3.6375887,
                        "iw": -4.3407135,
                        "bi": -4.457901
                    },
                    {
                        "iri": -0.010122933,
                        "iris": -5.416373,
                        "ira": -6.2210603,
                        "angu": -8.385123,
                        "isa": -8.408561
                    },
                    {
                        " Valley": -1.7306197,
                        " region": -1.5743697,
                        " valley": -2.0509322,
                        " district": -2.2384322,
                        " area": -2.7540572
                    },
                    {
                        " in": -1.5954002,