{
    "id": "cmpl-8jFseixdiymbOYfiVD8P4UMpRqe5R",
    "object": "text_completion",
    "created": 1705796496,
    "model": "davinci-002",
    "choices": [
        {
            "text": " that \"Dorf on\u2026\n\nThe most significant event that has happened in Ivory Coast recently is",
            "index": 0,
            "logprobs": {
                "tokens": [
                    " that",
                    " \"",
                    "D",
                    "orf",
                    " on",
                    "\u2026\n\n",
                    "The",
                    " most",
                    " significant",
                    " event",
                    " that",
                    " has",
                    " happened",
                    " in",
                    " Ivory",
                    " Coast",
                    " recently",
                    " is"
                ],
                "token_logprobs": [
                    -2.5627584,
                    -7.3612723,
                    -6.1139374,
                    -11.650087,
                    -5.430029,
                    -7.6119013,
                    -2.38142,
                    -1.6198274,
                    -0.08262462,
                    -0.04290453,
                    -0.050614107,
                    -3.9506526,
                    -0.096114285,
                    -1.094836,
                    -1.5042354,
                    -0.014012117,
                    -4.458121,
                    -0.26128364
                ],
                "top_logprobs": [
                    {
                        " that": -2.5627584,
                        " the": -0.46119598,
                        " probably": -3.5471334,
                        " its": -3.8752584,
                        " a": -3.9690084
                    },
                    {
                        " the": -1.3417412,
                        " it": -1.7948662,
                        " they": -2.904241,
                        " we": -2.997991,
                        " a": -3.2870536
                    },
                    {
                        "the": -2.2819064,
                        "I": -2.8678439,
                        "A": -3.1725314,
                        "The": -3.2037814,
                        "we": -3.3678439
                    },
                    {
                        "rog": -1.6129782,
                        "j": -2.1364157,
                        "addy": -2.8473532,
                        "ad": -3.1364157,
                        "ias": -3.2379782
                    },
                    {
                        "man": -1.2308099,
                        "us": -1.7542474,
                        "\"": -1.7854974,
                        "me": -3.9886224,
                        "ii": -4.3636227
                    },
                    {
                        " Golf": -1.4361198,
                        " the": -2.6783073,
                        "\"": -2.9595573,
                        " Dor": -3.1704948,
                        " Music": -3.2486198
                    },
                    {
                        "The": -2.38142,
                        "I": -2.78767,
                        "This": -3.5923574,
                        "In": -3.709545,
                        "A": -3.8736074
                    },
                    {
                        " most": -1.6198274,
                        " ": -3.8073273,
                        " first": -3.9167023,
                        " last": -4.5260773,
                        " best": -4.5260773
                    },
                    {
                        " significant": -0.08262462,
                        " important": -3.5982497,
                        " recent": -5.168562,
                        " interesting": -5.402937,
                        " exciting": -5.5669994
                    },
                    {
                        " event": -0.04290453,
                        " events": -4.253842,
                        " thing": -5.3866544,
                        " change": -6.269467,
                        " development": -6.535092
                    },
                    {
                        " that": -0.050614107,
                        " in": -3.878739,
                        " to": -5.566239,
                        " for": -5.5740514,
                        " of": -5.6365514
                    },
                    {
                        " has": -3.9506526,
                        " happened": -0.036590196,
                        " happ": -5.4975276,
                        " occurred": -6.364715,
                        " took": -6.7162776
                    },
                    {
                        " happened": -0.096114285,
                        " occurred": -3.338302,
                        " taken": -4.3070517,
                        " affected": -5.0258017,
                        " impacted": -5.642989
                    },
                    {
                        " in": -1.094836,
                        " to": -0.48546103,
                        " is": -5.1963987,
                        " for": -5.2120237,
                        " during": -5.3057737
                    },
                    {
                        " Ivory": -1.5042354,
                        " the": -1.4729854,
                        " my": -2.8479853,
                        " your": -4.074548,
                        " Ghana": -4.105798
                    },
                    {
                        " Coast": -0.014012117,
                        " coast": -4.928075,
                        " Cost": -6.0608873,
                        " Co": -6.8421373,
                        "\u2026\n\n": -7.7796373
                    },
                    {
                        " in": -0.28624573,
                        " over": -2.6690583,
                        " is": -2.9815583,
                        " during": -3.4893708,
                        " since": -3.9815583
                    },
                    {
                        " is": -0.26128364,
                        " was": -2.3940961,
                        " has": -3.3628461,
                        ",": -3.7456586,
                        " would": -4.370659
                    }
                ],
                "text_offset": [
                    78,
                    83,
                    85,
                    86,
                    89,
                    92,
                    95,
                    98,
                    103,
                    115,
                    121,
                    126,
                    130,
                    139,
                    142,
                    148,
                    154,
                    163
                ]
            },
            "finish_reason": "stop"
        }
    ],
    "usage": {
        "prompt_tokens": 16,
        "completion_tokens": 18,
        "total_tokens": 34
    }
}