{
    "id": "cmpl-8jFe3ljwYfcWTKDCaxHaNmlJlLCsn",
    "object": "text_completion",
    "created": 1705795591,
    "model": "davinci-002",
    "choices": [
        {
            "text": " when I want to buy things online using a debit card, the website page could ask me that I need a credit c",
            "index": 0,
            "logprobs": {
                "tokens": [
                    " when",
                    " I",
                    " want",
                    " to",
                    " buy",
                    " things",
                    " online",
                    " using",
                    " a",
                    " debit",
                    " card",
                    ",",
                    " the",
                    " website",
                    " page",
                    " could",
                    " ask",
                    " me",
                    " that",
                    " I",
                    " need",
                    " a",
                    " credit",
                    " ",
                    "c"
                ],
                "token_logprobs": [
                    -5.5839853,
                    -1.0627171,
                    -3.5233517,
                    -0.10504177,
                    -2.063933,
                    -4.148528,
                    -2.0979798,
                    -5.4117775,
                    -2.38527,
                    -2.6574693,
                    -0.13787986,
                    -1.472139,
                    -2.5744925,
                    -2.0669765,
                    -8.563932,
                    -6.880934,
                    -3.6508229,
                    -1.1118058,
                    -6.557828,
                    -0.91516775,
                    -1.0024401,
                    -1.9814148,
                    -0.9736824,
                    -9.239075,
                    -8.79598
                ],
                "top_logprobs": [
                    {
                        " that": -1.6777353,
                        " not": -3.0058603,
                        " deciding": -3.0683603,
                        " finding": -3.2636728,
                        " the": -3.3652353
                    },
                    {
                        " I": -1.0627171,
                        " to": -1.7033421,
                        " my": -2.015842,
                        " the": -2.687717,
                        " people": -3.890842
                    },
                    {
                        " have": -2.2264767,
                        " go": -2.5780392,
                        "\u2019m": -2.8046017,
                        " get": -2.8202267,
                        " can": -2.9764767
                    },
                    {
                        " to": -0.10504177,
                        " a": -3.5581667,
                        " something": -4.245667,
                        " my": -5.214417,
                        " more": -5.698792
                    },
                    {
                        " buy": -2.063933,
                        " go": -1.1811203,
                        " get": -3.1498704,
                        " eat": -3.6967454,
                        " hang": -3.7748704
                    },
                    {
                        " a": -1.1250904,
                        " something": -1.6329029,
                        " clothes": -3.4454029,
                        " some": -3.5938404,
                        " an": -3.6407154
                    },
                    {
                        " online": -2.0979798,
                        ",": -2.0042298,
                        ".": -2.1370423,
                        " from": -2.5511048,
                        " that": -2.6604798
                    },
                    {
                        ",": -1.3805273,
                        ".": -1.4820898,
                        " and": -2.0211523,
                        " because": -3.3805273,
                        " but": -3.4117773
                    },
                    {
                        " a": -2.38527,
                        " my": -0.4633951,
                        " the": -3.2993326,
                        " PayPal": -3.44777,
                        " credit": -3.838395
                    },
                    {
                        " debit": -2.6574693,
                        " credit": -0.6887194,
                        " card": -3.0246568,
                        " US": -3.1027818,
                        " foreign": -3.1262193
                    },
                    {
                        " card": -0.13787986,
                        " or": -2.5675673,
                        "/": -3.4972548,
                        ",": -6.3331923,
                        " credit": -6.497255
                    },
                    {
                        ",": -1.472139,
                        ".": -1.222139,
                        " and": -2.456514,
                        " that": -3.144014,
                        " but": -3.425264
                    },
                    {
                        " the": -2.5744925,
                        " I": -1.6526173,
                        " but": -1.9807423,
                        " because": -2.6526175,
                        " and": -2.676055
                    },
                    {
                        " website": -2.0669765,
                        " bank": -2.6294765,
                        " site": -2.731039,
                        " system": -3.012289,
                        " payment": -3.2701015
                    },
                    {
                        " will": -2.2709634,
                        " asks": -2.372526,
                        " doesn": -2.5365884,
                        " always": -2.685026,
                        " won": -2.716276
                    },
                    {
                        " will": -2.2715585,
                        " always": -2.5528085,
                        " doesn": -2.7559335,
                        " won": -2.8340585,
                        " would": -2.9434335
                    },
                    {
                        " ask": -3.6508229,
                        " not": -0.4476979,
                        " be": -2.8226979,
                        " only": -3.2601979,
                        " never": -3.5258229
                    },
                    {
                        " me": -1.1118058,
                        " for": -0.7758683,
                        " you": -3.330556,
                        " if": -3.8539934,
                        " to": -3.9164934
                    },
                    {
                        " to": -0.6593903,
                        " for": -1.2765777,
                        " if": -3.5265777,
                        " a": -4.042203,
                        " my": -4.0656404
                    },
                    {
                        " I": -0.91516775,
                        " the": -2.4464178,
                        " my": -2.6182928,
                        " it": -2.6495428,
                        " if": -3.2901678
                    },
                    {
                        " need": -1.0024401,
                        " have": -1.7836901,
                        " should": -2.3540025,
                        " must": -2.9477525,
                        " am": -3.09619
                    },
                    {
                        " a": -1.9814148,
                        " to": -0.23141475,
                        " an": -3.7392273,
                        " the": -5.6142273,
                        " ": -5.7704773
                    },
                    {
                        " credit": -0.9736824,
                        " CV": -2.856495,
                        " ": -2.918995,
                        " security": -2.981495,