{
    "id": "cmpl-8jF4VIDWfleeuXFUdsNNgiWcnQg9M",
    "object": "text_completion",
    "created": 1705793387,
    "model": "davinci-002",
    "choices": [
        {
            "text": " a very negative option, and few marriages terminate in divorce.\n\nRated 0 /5 based on 99 review",
            "index": 0,
            "logprobs": {
                "tokens": [
                    " a",
                    " very",
                    " negative",
                    " option",
                    ",",
                    " and",
                    " few",
                    " marriages",
                    " terminate",
                    " in",
                    " divorce",
                    ".\n\n",
                    "Rated",
                    " ",
                    "0",
                    " /",
                    "5",
                    " based",
                    " on",
                    " ",
                    "99",
                    " review"
                ],
                "token_logprobs": [
                    -0.72713655,
                    -4.10486,
                    -1.310888,
                    -2.6639209,
                    -1.2173123,
                    -1.41869,
                    -4.7217703,
                    -4.644571,
                    -5.415791,
                    -0.35044238,
                    -0.3179694,
                    -2.6613004,
                    -9.581621,
                    -0.0024200105,
                    -1.8969417,
                    -0.00048703788,
                    -0.0022474385,
                    -0.0015677111,
                    -0.0002326224,
                    -2.451116e-05,
                    -4.525279,
                    -0.0018429674
                ],
                "top_logprobs": [
                    {
                        " a": -0.72713655,
                        " an": -2.2271366,
                        " the": -2.5552616,
                        " something": -3.6490116,
                        " shameful": -3.7271366
                    },
                    {
                        " last": -2.0423598,
                        " way": -2.9017348,
                        " negative": -3.0267348,
                        " positive": -3.1204848,
                        " solution": -3.2064223
                    },
                    {
                        " negative": -1.310888,
                        " serious": -2.217138,
                        " difficult": -2.4593256,
                        " bad": -2.4905756,
                        " undesirable": -2.8968256
                    },
                    {
                        " option": -2.6639209,
                        " thing": -1.320171,
                        " experience": -2.0545459,
                        " event": -2.3592334,
                        " and": -3.0545459
                    },
                    {
                        ",": -1.2173123,
                        ".": -1.2719998,
                        " and": -1.8657498,
                        " for": -3.3344998,
                        ".\n\n": -3.6860623
                    },
                    {
                        " and": -1.41869,
                        " with": -2.60619,
                        " but": -2.88744,
                        " which": -3.1765025,
                        " as": -3.340565
                    },
                    {
                        " the": -2.9795828,
                        " many": -2.9795828,
                        " most": -3.1983328,
                        " are": -3.2608328,
                        " will": -3.5264578
                    },
                    {
                        " women": -1.7773832,
                        " actually": -2.6055083,
                        " have": -3.0430083,
                        " are": -3.0820708,
                        " seek": -3.1367583
                    },
                    {
                        " end": -0.6736035,
                        " are": -1.712666,
                        " actually": -2.540791,
                        " dissolve": -3.4079785,
                        " in": -3.4704785
                    },
                    {
                        " in": -0.35044238,
                        " this": -2.78013,
                        " through": -3.3973174,
                        ".": -3.4598174,
                        " by": -3.545755
                    },
                    {
                        " divorce": -0.3179694,
                        " this": -2.2007818,
                        " separation": -2.9898443,
                        " a": -4.091407,
                        " it": -4.403907
                    },
                    {
                        ".\n\n": -2.6613004,
                        ".": -0.46598792,
                        " (": -2.7238004,
                        ",": -2.840988,
                        ".[": -3.747238
                    },
                    {
                        "The": -2.3355277,
                        "In": -2.7105277,
                        "However": -3.3277152,
                        "Div": -3.4605277,
                        "A": -3.6714652
                    },
                    {
                        " ": -0.0024200105,
                        " PG": -7.893045,
                        ":": -8.525858,
                        " by": -8.68992,
                        " five": -8.744608
                    },
                    {
                        "0": -1.8969417,
                        "5": -1.8656917,
                        "3": -1.9594417,
                        "4": -2.1469417,
                        "10": -2.3031917
                    },
                    {
                        " /": -0.00048703788,
                        " ": -8.1958,
                        "<|endoftext|>": -9.35205,
                        ".": -10.10205,
                        "/": -10.148925
                    },
                    {
                        "5": -0.0022474385,
                        "10": -6.3616223,
                        "<|endoftext|>": -8.033498,
                        " ": -8.650685,
                        " s": -12.713185
                    },
                    {
                        " based": -0.0015677111,
                        " ba": -7.360943,
                        " b": -8.485943,
                        " ": -8.517193,
                        " base": -8.610943
                    },
                    {
                        " on": -0.0002326224,
                        " ": -8.922108,
                        " o": -9.86742,
                        "<|endoftext|>": -10.406483,
                        " in": -13.539295
                    },
                    {
                        " ": -2.451116e-05,
                        "<|endoftext|>": -11.179712,
                        " /": -13.195337,
                        " (": -13.226587,
                        " on": -14.132837
                    },
                    {
                        "1": -4.400279,
                        "2": -4.462779,
                        "3": -4.462779,
                        "4": -4.5018415,
                        "7": -4.5018415
                    },
                    {
                        " review": -0.0018429674,
                        " rev": -6.720593,
                        " re": -8.74403,
                        " ": -8.8299675,
                        " r": -8.947155
                    }
                ],