{
    "id": "cmpl-8jErlX06Mj2L8iltaMvMt0h71H1US",
    "object": "text_completion",
    "created": 1705792597,
    "model": "davinci-002",
    "choices": [
        {
            "text": " a grave moral wrong; however, they are accepting of reproductive medicine and abide by the legal framework present in Malawi.",
            "index": 0,
            "logprobs": {
                "tokens": [
                    " a",
                    " grave",
                    " moral",
                    " wrong",
                    ";",
                    " however",
                    ",",
                    " they",
                    " are",
                    " accepting",
                    " of",
                    " reproductive",
                    " medicine",
                    " and",
                    " abide",
                    " by",
                    " the",
                    " legal",
                    " framework",
                    " present",
                    " in",
                    " Mal",
                    "awi",
                    "."
                ],
                "token_logprobs": [
                    -0.8536069,
                    -6.3459983,
                    -2.34694,
                    -1.759965,
                    -4.1436524,
                    -1.4425446,
                    -0.11283274,
                    -2.4496477,
                    -2.1799147,
                    -5.456767,
                    -0.14355198,
                    -6.638103,
                    -6.789683,
                    -1.3986685,
                    -10.6475525,
                    -0.09138414,
                    -0.98629785,
                    -3.3619912,
                    -2.7089612,
                    -8.224174,
                    -0.6024898,
                    -1.143609,
                    -0.01621619,
                    -0.7247693
                ],
                "top_logprobs": [
                    {
                        " a": -0.8536069,
                        " an": -2.353607,
                        " morally": -2.478607,
                        " immoral": -3.1582944,
                        " the": -3.4239194
                    },
                    {
                        " private": -2.8147483,
                        " taboo": -2.9553733,
                        " safe": -3.1116233,
                        " sin": -3.1897483,
                        " social": -3.3928733
                    },
                    {
                        " moral": -2.34694,
                        " sin": -0.5110026,
                        " evil": -3.65944,
                        " violation": -3.78444,
                        " wrong": -3.81569
                    },
                    {
                        " wrong": -1.759965,
                        " sin": -1.5021524,
                        " issue": -1.822465,
                        " evil": -1.9396524,
                        " and": -3.02559
                    },
                    {
                        ",": -1.0499026,
                        ".": -1.3936526,
                        " and": -1.7061526,
                        ".\n\n": -3.6749024,
                        " that": -3.9874024
                    },
                    {
                        " however": -1.4425446,
                        " ": -3.0831695,
                        " the": -3.1456695,
                        " they": -3.2237945,
                        " and": -3.3487945
                    },
                    {
                        ",": -0.11283274,
                        " they": -4.1909575,
                        " the": -4.60502,
                        " many": -4.82377,
                        " a": -5.058145
                    },
                    {
                        " they": -2.4496477,
                        " women": -2.4262102,
                        " many": -2.5277727,
                        " ": -2.7308977,
                        " the": -2.8558977
                    },
                    {
                        " are": -2.1799147,
                        " also": -1.5861647,
                        " do": -2.6252272,
                        " may": -2.8049147,
                        " often": -2.9142897
                    },
                    {
                        " also": -2.1364546,
                        " willing": -2.2770796,
                        " more": -2.5114546,
                        " not": -2.5270796,
                        " often": -2.925517
                    },
                    {
                        " of": -0.14355198,
                        " that": -3.6201146,
                        " and": -3.6826146,
                        " towards": -4.6044893,
                        " to": -4.627927
                    },
                    {
                        " abortion": -1.6849781,
                        " the": -1.9193531,
                        " it": -2.7865405,
                        " women": -3.059978,
                        " other": -3.1302905
                    },
                    {
                        " health": -0.76624537,
                        " rights": -2.0084329,
                        " technologies": -3.0865579,
                        " autonomy": -3.0865579,
                        " choices": -3.5162454
                    },
                    {
                        " and": -1.3986685,
                        ",": -1.8361685,
                        ".": -2.3830435,
                        " in": -2.4611685,
                        " that": -2.640856
                    },
                    {
                        " family": -2.6319273,
                        " the": -3.0381773,
                        " are": -3.0928648,
                        " contraception": -3.1631773,
                        " technology": -3.1944273
                    },
                    {
                        " by": -0.09138414,
                        " with": -3.8335717,
                        " to": -4.528884,
                        " the": -4.560134,
                        " in": -5.528884
                    },
                    {
                        " the": -0.98629785,
                        " its": -2.3534853,
                        " their": -2.9784853,
                        " a": -3.5097353,
                        " it": -3.9159853
                    },
                    {
                        " legal": -3.3619912,
                        " law": -1.6432412,
                        " laws": -2.6588662,
                        " country": -4.002616,
                        " principle": -4.0104284
                    },
                    {
                        " framework": -2.7089612,
                        " restrictions": -1.7167737,
                        " abortion": -3.0370862,
                        " provisions": -3.2870862,
                        " requirements": -3.3183362
                    },
                    {
                        " of": -1.9351114,
                        ".": -2.1382365,
                        " for": -2.2319865,
                        " that": -2.3569865,
                        " in": -2.7632365
                    },
                    {
                        " in": -0.6024898,
                        ".": -1.6181148,
                        " within": -3.2353024,
                        ",": -3.5009274,
                        ".\n\n": -3.5790524
                    },
                    {
                        " Mal": -1.143609,
                        " the": -0.8389216,
                        " their": -1.6826715,
                        " this": -5.065484,
                        " that": -5.362359
                    },
                    {
                        "awi": -0.01621619,
                        "aw": -4.1568413,