{
    "id": "cmpl-8jEhHlwNk8TArNTbEeQmkV1WTBpC3",
    "object": "text_completion",
    "created": 1705791947,
    "model": "davinci-002",
    "choices": [
        {
            "text": " equivalent to the drawing of blood and consider it a grave sin, a new study ... Read More\n\nThe Family Ministry responsible",
            "index": 0,
            "logprobs": {
                "tokens": [
                    " equivalent",
                    " to",
                    " the",
                    " drawing",
                    " of",
                    " blood",
                    " and",
                    " consider",
                    " it",
                    " a",
                    " grave",
                    " sin",
                    ",",
                    " a",
                    " new",
                    " study",
                    " ...",
                    " Read",
                    " More",
                    "\n\n",
                    "The",
                    " Family",
                    " Ministry",
                    " responsible"
                ],
                "token_logprobs": [
                    -6.877218,
                    -0.03285952,
                    -3.1762629,
                    -10.707567,
                    -0.18369755,
                    -0.20530188,
                    -2.240059,
                    -3.8137362,
                    -0.5151949,
                    -1.6238748,
                    -3.2000988,
                    -0.48844722,
                    -1.5806038,
                    -3.1930637,
                    -1.6537509,
                    -1.181363,
                    -7.8891892,
                    -1.6038985,
                    -0.4827632,
                    -0.19519325,
                    -2.0295367,
                    -7.415119,
                    -3.8106947,
                    -9.6791725
                ],
                "top_logprobs": [
                    {
                        " a": -0.7756553,
                        " morally": -2.3928428,
                        " an": -2.4319053,
                        " acceptable": -3.4944053,
                        " \u201c": -3.9006553
                    },
                    {
                        " to": -0.03285952,
                        " of": -4.9703593,
                        " with": -5.040672,
                        " in": -5.321922,
                        " or": -5.540672
                    },
                    {
                        " the": -3.1762629,
                        " murder": -0.6528254,
                        " inf": -2.3637629,
                        " a": -2.9106379,
                        " killing": -3.4340754
                    },
                    {
                        " murder": -1.1177235,
                        " killing": -2.0083485,
                        " death": -2.969286,
                        " crime": -3.594286,
                        " right": -3.7114735
                    },
                    {
                        " of": -0.18369755,
                        " and": -1.9805726,
                        " up": -4.94151,
                        " blood": -5.0743227,
                        " or": -5.62901
                    },
                    {
                        " blood": -0.20530188,
                        " a": -2.1037393,
                        " the": -4.7912393,
                        " one": -4.970927,
                        " an": -5.0256143
                    },
                    {
                        " and": -2.240059,
                        ",": -1.115059,
                        ".": -1.865059,
                        " from": -2.6072464,
                        " or": -2.865059
                    },
                    {
                        " therefore": -2.3371737,
                        " the": -2.8371737,
                        " as": -2.8449862,
                        " are": -3.0637362,
                        ",": -3.5715487
                    },
                    {
                        " it": -0.5151949,
                        " the": -2.21832,
                        " abortion": -3.140195,
                        " that": -3.546445,
                        " this": -3.6011324
                    },
                    {
                        " a": -1.6238748,
                        " to": -1.7723123,
                        " morally": -2.1473122,
                        " an": -2.7644997,
                        " immoral": -2.9676247
                    },
                    {
                        " crime": -2.4188488,
                        " form": -2.5360363,
                        " sin": -2.5360363,
                        " serious": -2.9188488,
                        " medical": -3.1063488
                    },
                    {
                        " sin": -0.48844722,
                        " moral": -2.2384472,
                        " violation": -3.3009472,
                        " offense": -3.6134472,
                        " evil": -3.6525097
                    },
                    {
                        ",": -1.5806038,
                        ".": -1.0493538,
                        ".\n\n": -2.6118538,
                        " against": -2.9946663,
                        " (": -3.6196663
                    },
                    {
                        " but": -2.4352512,
                        " and": -2.5915012,
                        " even": -2.9352512,
                        " according": -2.9665012,
                        " while": -3.0993137
                    },
                    {
                        " new": -1.6537509,
                        " survey": -1.6381259,
                        " study": -2.216251,
                        " poll": -2.5678134,
                        " recent": -2.6303134
                    },
                    {
                        " study": -1.181363,
                        " survey": -0.8610505,
                        " poll": -1.8923005,
                        " report": -3.571988,
                        " national": -4.837613
                    },
                    {
                        " has": -1.0220016,
                        " shows": -2.0063767,
                        " by": -2.8501267,
                        " says": -2.8735642,
                        " reveals": -3.1235642
                    },
                    {
                        " Read": -1.6038985,
                        " read": -2.6507735,
                        "Read": -2.7132735,
                        " Full": -2.7757735,
                        " More": -2.971086
                    },
                    {
                        " More": -0.4827632,
                        " more": -1.0608882,
                        " Full": -4.381201,
                        " full": -4.740576,
                        " the": -5.865576
                    },
                    {
                        "\n\n": -0.19519325,
                        "<|endoftext|>": -2.4998808,
                        " \u00bb\n\n": -3.1326933,
                        " \u00bb": -4.4764433,
                        "\n": -4.7576933
                    },
                    {
                        "The": -2.0295367,
                        "A": -2.6232867,
                        "P": -2.9670367,
                        "In": -3.5842242,
                        "By": -3.8420367
                    },
                    {
                        " Vatican": -2.8409002,
                        " Italian": -3.2705877,
                        " Catholic": -3.4815252,
                        " number": -4.1221504,
                        " U": -4.254963
                    },
                    {
                        " Research": -1.7950696,
                        " and": -2.5372572,