{
    "id": "cmpl-8jEoRUE6Z5RmHsipARSxYJbKPIyNv",
    "object": "text_completion",
    "created": 1705792391,
    "model": "davinci-002",
    "choices": [
        {
            "text": " extremely morally unacceptable and socially unacceptable. Nevertheless, due to lack.Social & Rural Aspects of Mad",
            "index": 0,
            "logprobs": {
                "tokens": [
                    " extremely",
                    " morally",
                    " unacceptable",
                    " and",
                    " socially",
                    " unacceptable",
                    ".",
                    " Nevertheless",
                    ",",
                    " due",
                    " to",
                    " lack",
                    ".S",
                    "ocial",
                    " &",
                    " Rural",
                    " As",
                    "pects",
                    " of",
                    " Mad"
                ],
                "token_logprobs": [
                    -6.3222256,
                    -4.008198,
                    -1.5902494,
                    -1.983975,
                    -4.3453636,
                    -0.7836508,
                    -0.9469969,
                    -5.3573165,
                    -0.03571281,
                    -5.204152,
                    -0.0059573604,
                    -2.6855657,
                    -18.04438,
                    -2.967047,
                    -5.378084,
                    -9.140558,
                    -4.3156395,
                    -0.01971832,
                    -0.28645083,
                    -6.258419
                ],
                "top_logprobs": [
                    {
                        " a": -0.8300381,
                        " an": -2.392538,
                        " morally": -2.7753506,
                        " immoral": -3.2284756,
                        " illegal": -3.236288
                    },
                    {
                        " dangerous": -1.5160103,
                        " taboo": -1.8050728,
                        " important": -2.8285103,
                        " harmful": -2.9456978,
                        " undesirable": -3.0394478
                    },
                    {
                        " unacceptable": -1.5902494,
                        " wrong": -0.8089994,
                        " repreh": -2.9183745,
                        " problematic": -3.1214995,
                        " and": -3.1996245
                    },
                    {
                        " and": -1.983975,
                        ",": -1.1246,
                        ".": -1.390225,
                        " (": -2.9917874,
                        ".\n\n": -3.3746
                    },
                    {
                        " illegal": -2.7906764,
                        " are": -3.1031764,
                        " would": -3.1656764,
                        " as": -3.2047389,
                        " the": -3.4703639
                    },
                    {
                        " unacceptable": -0.7836508,
                        " taboo": -2.2445884,
                        " undesirable": -2.4555259,
                        " st": -2.5258384,
                        " forbidden": -3.4555259
                    },
                    {
                        ".": -0.9469969,
                        ",": -1.3454344,
                        ".\n\n": -2.9391844,
                        " (": -3.196997,
                        " and": -3.4391844
                    },
                    {
                        " The": -2.4041915,
                        " However": -2.6229415,
                        " In": -2.7479415,
                        " Women": -2.8416915,
                        " This": -2.9823165
                    },
                    {
                        ",": -0.03571281,
                        " the": -5.637275,
                        " abortion": -5.9654,
                        " it": -6.324775,
                        " ": -6.3638377
                    },
                    {
                        " the": -2.0869646,
                        " abortion": -2.532277,
                        " it": -2.813527,
                        " a": -3.063527,
                        " ": -3.110402
                    },
                    {
                        " to": -0.0059573604,
                        " in": -6.4512696,
                        " largely": -7.427832,
                        " the": -7.8106446,
                        " mainly": -8.029395
                    },
                    {
                        " lack": -2.6855657,
                        " the": -0.99806565,
                        " a": -2.6465032,
                        " high": -2.7793157,
                        " its": -3.4277532
                    },
                    {
                        " of": -0.005317362,
                        " or": -6.4193797,
                        " access": -6.9350047,
                        " o": -8.372505,
                        "\n\n": -8.70063
                    },
                    {
                        "ocial": -2.967047,
                        "exual": -2.1311095,
                        "ex": -2.217047,
                        "ee": -2.998297,
                        ".": -3.279547
                    },
                    {
                        " and": -2.3233967,
                        " Issues": -3.1280842,
                        "ly": -3.2374592,
                        " Accept": -3.2608967,
                        " media": -3.3468342
                    },
                    {
                        " Cultural": -1.3007146,
                        " Political": -2.042902,
                        " Economic": -2.402277,
                        " cultural": -3.042902,
                        " Moral": -3.199152
                    },
                    {
                        " Development": -1.5500146,
                        " Issues": -2.807827,
                        " Studies": -2.8781395,
                        " Change": -2.932827,
                        ".": -3.4875145
                    },
                    {
                        "pects": -0.01971832,
                        " a": -6.0275307,
                        "pir": -6.457218,
                        " the": -6.988468,
                        " well": -7.0431557
                    },
                    {
                        " of": -0.28645083,
                        ".": -2.7708259,
                        " Of": -4.036451,
                        " in": -4.098951,
                        ":": -4.130201
                    },
                    {
                        " Ab": -1.6099818,
                        " Rep": -2.5084193,
                        " Population": -2.5396693,
                        " Health": -2.6802943,
                        " the": -2.8052943
                    }
                ],
                "text_offset": [
                    52,
                    62,
                    70,
                    83,
                    87,
                    96,
                    109,
                    110,
                    123,
                    124,
                    128,
                    131,
                    136,
                    138,
                    143,
                    145,
                    151,
                    154,
                    159,
                    162
                ]
            },
            "finish_reason": "stop"
        }
    ],
    "usage": {
        "prompt_tokens": 9,
        "completion_tokens": 20,
        "total_tokens": 29
    }
}