{
    "id": "cmpl-8jEbUrzCEc9VTHC2Jx3EVqfUkFe2O",
    "object": "text_completion",
    "created": 1705791588,
    "model": "davinci-002",
    "choices": [
        {
            "text": " a legitimate therapeutic intervention through which unwanted pregnancy can be averted. The majority of participants'",
            "index": 0,
            "logprobs": {
                "tokens": [
                    " a",
                    " legitimate",
                    " therapeutic",
                    " intervention",
                    " through",
                    " which",
                    " unwanted",
                    " pregnancy",
                    " can",
                    " be",
                    " a",
                    "verted",
                    ".",
                    " The",
                    " majority",
                    " of",
                    " participants",
                    "'"
                ],
                "token_logprobs": [
                    -0.89634466,
                    -3.815195,
                    -5.48661,
                    -1.9692185,
                    -8.695256,
                    -0.3414671,
                    -3.9248354,
                    -1.6804092,
                    -0.5984668,
                    -0.013115875,
                    -4.448239,
                    -0.0076603466,
                    -0.83522314,
                    -2.1506398,
                    -2.6992695,
                    -0.2836466,
                    -6.3790846,
                    -6.789268
                ],
                "top_logprobs": [
                    {
                        " a": -0.89634466,
                        " morally": -2.2400947,
                        " an": -2.5916572,
                        " immoral": -3.0525947,
                        " illegal": -3.0682197
                    },
                    {
                        " private": -2.565195,
                        " personal": -3.0105076,
                        " safe": -3.0105076,
                        " taboo": -3.190195,
                        " crime": -3.3230076
                    },
                    {
                        " option": -1.8303598,
                        " means": -2.1662974,
                        " medical": -2.1819224,
                        " choice": -2.6506724,
                        " method": -2.7287974
                    },
                    {
                        " intervention": -1.9692185,
                        " option": -1.070781,
                        " procedure": -1.930156,
                        " choice": -3.023906,
                        " measure": -3.1567185
                    },
                    {
                        ".": -1.6444751,
                        ",": -1.6757251,
                        " and": -2.1835375,
                        " for": -2.550725,
                        " to": -2.5976
                    },
                    {
                        " which": -0.3414671,
                        " the": -2.5914671,
                        " a": -3.7164671,
                        " their": -3.9352171,
                        " all": -4.466467
                    },
                    {
                        " they": -1.385773,
                        " women": -1.7998354,
                        " a": -2.104523,
                        " to": -2.151398,
                        " the": -2.635773
                    },
                    {
                        " pregnancy": -1.6804092,
                        " pregnancies": -0.64134675,
                        " or": -2.3522842,
                        " and": -3.1491592,
                        ",": -3.2507217
                    },
                    {
                        " can": -0.5984668,
                        " may": -1.8406544,
                        " is": -2.1375294,
                        " could": -3.0515919,
                        " should": -3.5828419
                    },
                    {
                        " be": -0.013115875,
                        " end": -5.9115534,
                        " safely": -6.8803034,
                        " and": -6.9115534,
                        " either": -7.653741
                    },
                    {
                        " terminated": -0.71386397,
                        " ended": -2.1279263,
                        " managed": -2.8466763,
                        " safely": -2.9873013,
                        " prevented": -3.0107388
                    },
                    {
                        "verted": -0.0076603466,
                        "vert": -6.390473,
                        " terminated": -8.085785,
                        " managed": -8.117035,
                        "void": -8.359222
                    },
                    {
                        ".": -0.83522314,
                        ",": -2.2024107,
                        " or": -2.5774107,
                        " and": -2.6789732,
                        " (": -2.7492857
                    },
                    {
                        " The": -2.1506398,
                        " In": -2.5881398,
                        " This": -2.7522023,
                        " However": -2.7522023,
                        " Women": -3.1272023
                    },
                    {
                        " majority": -2.6992695,
                        " abortion": -3.6367695,
                        " country": -3.9180195,
                        " study": -3.988332,
                        " women": -4.035207
                    },
                    {
                        " of": -0.2836466,
                        " also": -2.525834,
                        " (": -3.900834,
                        " view": -4.494584,
                        " believe": -4.603959
                    },
                    {
                        " women": -0.5353345,
                        " these": -2.6603346,
                        " the": -2.9728346,
                        " respondents": -3.730647,
                        " abortions": -3.730647
                    },
                    {
                        " in": -1.773643,
                        " also": -2.492393,
                        " (": -2.836143,
                        " were": -3.2033305,
                        " reported": -3.2970805
                    }
                ],
                "text_offset": [
                    72,
                    74,
                    85,
                    97,
                    110,
                    118,
                    124,
                    133,
                    143,
                    147,
                    150,
                    152,
                    158,
                    159,
                    163,
                    172,
                    175,
                    188
                ]
            },
            "finish_reason": "stop"
        }
    ],
    "usage": {
        "prompt_tokens": 15,
        "completion_tokens": 18,
        "total_tokens": 33
    }
}