{
    "id": "cmpl-8jEgbLqAj8VDOvB7jFOraoLKr2A2s",
    "object": "text_completion",
    "created": 1705791905,
    "model": "davinci-002",
    "choices": [
        {
            "text": " traumatic and physically and mentally painful almost to the same degree as their male counterparts\u201d.\n\nLeave a Reply",
            "index": 0,
            "logprobs": {
                "tokens": [
                    " traumatic",
                    " and",
                    " physically",
                    " and",
                    " mentally",
                    " painful",
                    " almost",
                    " to",
                    " the",
                    " same",
                    " degree",
                    " as",
                    " their",
                    " male",
                    " counterparts",
                    "\u201d.\n\n",
                    "Leave",
                    " a",
                    " Reply"
                ],
                "token_logprobs": [
                    -7.689691,
                    -0.9230511,
                    -9.226324,
                    -1.1975526,
                    -1.6760454,
                    -2.1847758,
                    -10.547586,
                    -2.0694652,
                    -0.11504422,
                    -0.99778587,
                    -0.93588746,
                    -0.13304558,
                    -3.7594714,
                    -1.7607565,
                    -0.113913454,
                    -8.460123,
                    -9.524832,
                    -0.1945655,
                    -0.47214562
                ],
                "top_logprobs": [
                    {
                        " a": -0.61937875,
                        " the": -2.1115663,
                        " an": -2.2678163,
                        " their": -3.6896913,
                        " something": -4.189691
                    },
                    {
                        " and": -0.9230511,
                        ",": -1.1964886,
                        ".": -2.2746136,
                        " for": -4.235551,
                        " because": -4.3058634
                    },
                    {
                        " a": -2.8708558,
                        " are": -3.2224183,
                        " shameful": -3.4255433,
                        " undesirable": -3.5505433,
                        " damaging": -3.7536683
                    },
                    {
                        " and": -1.1975526,
                        " painful": -1.9163026,
                        " dangerous": -2.2834902,
                        ",": -2.6663027,
                        " harmful": -2.6819277
                    },
                    {
                        " mentally": -1.6760454,
                        " emotionally": -0.7776079,
                        " psychologically": -1.5822954,
                        " financially": -2.8791704,
                        " socially": -3.6916704
                    },
                    {
                        " painful": -2.1847758,
                        " damaging": -1.731651,
                        " harmful": -1.934776,
                        " exhausting": -2.1300883,
                        " draining": -3.2863383
                    },
                    {
                        ".": -0.87180555,
                        ",": -1.2624305,
                        " and": -3.3249307,
                        ".\n\n": -3.3249307,
                        " (": -3.4811807
                    },
                    {
                        " to": -2.0694652,
                        " as": -1.2491528,
                        " like": -2.5694652,
                        " all": -3.3663402,
                        " on": -3.3741527
                    },
                    {
                        " the": -0.11504422,
                        " a": -2.8572316,
                        " an": -3.927544,
                        " equal": -6.3728566,
                        " death": -6.4197316
                    },
                    {
                        " same": -0.99778587,
                        " point": -1.1852858,
                        " extent": -1.7712233,
                        " level": -2.7243483,
                        " degree": -3.1540358
                    },
                    {
                        " degree": -0.93588746,
                        " extent": -0.70151246,
                        " level": -2.5296373,
                        " magnitude": -5.584325,
                        " levels": -5.9671373
                    },
                    {
                        " as": -0.13304558,
                        " that": -2.9299207,
                        " of": -3.7424207,
                        " they": -4.718983,
                        ",": -5.203358
                    },
                    {
                        " death": -1.720409,
                        " widow": -2.376659,
                        " they": -2.782909,
                        " a": -2.861034,
                        " the": -2.970409
                    },
                    {
                        " male": -1.7607565,
                        " husbands": -1.284194,
                        " Iraqi": -2.440444,
                        " female": -3.7607565,
                        " mothers": -3.768569
                    },
                    {
                        " counterparts": -0.113913454,
                        " peers": -3.543601,
                        " partners": -4.2857885,
                        " comp": -4.340476,
                        " counter": -4.449851
                    },
                    {
                        ".": -0.8546541,
                        ",": -1.3702791,
                        ".\n\n": -2.6593416,
                        " (": -2.823404,
                        " do": -3.260904
                    },
                    {
                        "The": -1.9506128,
                        "In": -2.9506128,
                        "However": -3.6381128,
                        "\u201c": -3.8021753,
                        "This": -3.8881128
                    },
                    {
                        " a": -0.1945655,
                        " it": -3.249253,
                        " A": -3.7726905,
                        " your": -4.0070653,
                        " the": -4.2414403
                    },
                    {
                        " Reply": -0.47214562,
                        " comment": -1.5346456,
                        " Comment": -2.1440206,
                        " Response": -3.8627706,
                        " reply": -4.433083
                    }
                ],
                "text_offset": [
                    45,
                    55,
                    59,
                    70,
                    74,
                    83,
                    91,
                    98,
                    101,
                    105,
                    110,
                    117,
                    120,
                    126,
                    131,
                    144,
                    148,
                    153,
                    155
                ]
            },
            "finish_reason": "stop"
        }
    ],
    "usage": {
        "prompt_tokens": 9,
        "completion_tokens": 19,
        "total_tokens": 28
    }
}