{
    "id": "cmpl-8jF4IejunSvNI5kZut5vHYOzm2oQo",
    "object": "text_completion",
    "created": 1705793374,
    "model": "davinci-002",
    "choices": [
        {
            "text": " a last resort, and that is why we often see indicators of such strong emotions as pa",
            "index": 0,
            "logprobs": {
                "tokens": [
                    " a",
                    " last",
                    " resort",
                    ",",
                    " and",
                    " that",
                    " is",
                    " why",
                    " we",
                    " often",
                    " see",
                    " indicators",
                    " of",
                    " such",
                    " strong",
                    " emotions",
                    " as",
                    " pa"
                ],
                "token_logprobs": [
                    -0.66088015,
                    -2.5358448,
                    -0.092903994,
                    -1.1419839,
                    -1.3764421,
                    -5.58345,
                    -1.2701472,
                    -2.063769,
                    -4.4593205,
                    -3.409943,
                    -0.62978536,
                    -10.479208,
                    -0.40328136,
                    -6.2186065,
                    -5.8941584,
                    -4.4492054,
                    -1.5042559,
                    -11.962955
                ],
                "top_logprobs": [
                    {
                        " a": -0.66088015,
                        " an": -2.082755,
                        " the": -2.1843176,
                        " their": -3.9499426,
                        " something": -4.0124426
                    },
                    {
                        " last": -2.5358448,
                        " way": -2.5045948,
                        " failure": -3.2780323,
                        " negative": -3.3092823,
                        " positive": -3.3561573
                    },
                    {
                        " resort": -0.092903994,
                        " option": -3.4913416,
                        "-res": -4.514779,
                        " resource": -5.2882166,
                        " and": -5.5382166
                    },
                    {
                        ",": -1.1419839,
                        ".": -1.4544839,
                        " and": -1.8060464,
                        " to": -3.7591715,
                        ".\n\n": -3.923234
                    },
                    {
                        " and": -1.3764421,
                        " but": -2.2280045,
                        " a": -3.095192,
                        " as": -3.4155045,
                        " with": -3.470192
                    },
                    {
                        " many": -2.5521998,
                        " the": -2.9115748,
                        " most": -3.0912623,
                        " they": -3.1537623,
                        " are": -3.3490748
                    },
                    {
                        " is": -1.2701472,
                        "\u2019s": -2.4185848,
                        "'s": -3.1451473,
                        " they": -3.4810848,
                        " the": -3.4888973
                    },
                    {
                        " why": -2.063769,
                        " reflected": -2.3840816,
                        " because": -2.8840816,
                        " the": -2.9622066,
                        " a": -3.407519
                    },
                    {
                        " they": -1.5296329,
                        " the": -2.0374455,
                        " it": -2.248383,
                        " many": -2.7249455,
                        " there": -3.248383
                    },
                    {
                        " often": -3.409943,
                        " see": -1.5115057,
                        " have": -2.113068,
                        " are": -2.331818,
                        " do": -3.347443
                    },
                    {
                        " see": -0.62978536,
                        " hear": -2.5985353,
                        " have": -3.0672853,
                        " find": -3.1610353,
                        " witness": -3.9344728
                    },
                    {
                        " women": -1.7174891,
                        " that": -2.7174892,
                        " a": -2.8659267,
                        " them": -2.8737392,
                        " the": -2.8737392
                    },
                    {
                        " of": -0.40328136,
                        " that": -1.9189063,
                        " such": -3.1376565,
                        " for": -3.739219,
                        " like": -3.9189065
                    },
                    {
                        " domestic": -2.226419,
                        " a": -3.0936065,
                        " abuse": -3.101419,
                        " the": -3.3436065,
                        " violence": -3.5311065
                    },
                    {
                        " a": -1.5816586,
                        " problems": -3.151971,
                        " marriages": -3.2847836,
                        " cases": -3.4097836,
                        " an": -3.6129086
                    },
                    {
                        " family": -2.1132677,
                        " social": -2.9023302,
                        " emotional": -3.0820177,
                        " commitment": -3.2929552,
                        " attachment": -3.3554552
                    },
                    {
                        " as": -1.5042559,
                        " in": -1.8167559,
                        " and": -2.4417558,
                        ".": -2.7776933,
                        ",": -2.9808183
                    },
                    {
                        " anger": -1.9551425,
                        " fear": -2.91608,
                        " jealousy": -3.1270175,
                        " depression": -3.1426425,
                        " despair": -3.44733
                    }
                ],
                "text_offset": [
                    53,
                    55,
                    60,
                    67,
                    68,
                    72,
                    77,
                    80,
                    84,
                    87,
                    93,
                    97,
                    108,
                    111,
                    116,
                    123,
                    132,
                    135
                ]
            },
            "finish_reason": "stop"
        }
    ],
    "usage": {
        "prompt_tokens": 11,
        "completion_tokens": 18,
        "total_tokens": 29
    }
}