{
    "id": "cmpl-8jGZkNnYeGRpOSAsWfcyBjwuTqYhu",
    "object": "text_completion",
    "created": 1705799168,
    "model": "davinci-002",
    "choices": [
        {
            "text": " by foot. 100% of the residents have a mean travel time of 30 minutes.",
            "index": 0,
            "logprobs": {
                "tokens": [
                    " by",
                    " foot",
                    ".",
                    " ",
                    "100",
                    "%",
                    " of",
                    " the",
                    " residents",
                    " have",
                    " a",
                    " mean",
                    " travel",
                    " time",
                    " of",
                    " ",
                    "30",
                    " minutes",
                    "."
                ],
                "token_logprobs": [
                    -0.79266953,
                    -1.4556973,
                    -0.58949333,
                    -2.0586169,
                    -2.515848,
                    -0.23976828,
                    -0.008098781,
                    -0.21636368,
                    -1.1007227,
                    -0.7462361,
                    -0.81009555,
                    -1.7029997,
                    -0.17092864,
                    -6.392203e-06,
                    -0.007958289,
                    -0.004145357,
                    -2.8975866,
                    -0.07494959,
                    -0.8441668
                ],
                "top_logprobs": [
                    {
                        " by": -0.79266953,
                        " to": -2.0270445,
                        ":": -2.3395445,
                        ":\n\n": -2.706732,
                        " probably": -4.1832943
                    },
                    {
                        " foot": -1.4556973,
                        " walking": -1.8463223,
                        " car": -1.9166348,
                        " bicycle": -2.8931973,
                        " bike": -3.1588223
                    },
                    {
                        ".": -0.58949333,
                        ".\n\n": -2.3082433,
                        ",": -2.4019933,
                        "!": -2.9879308,
                        " or": -3.4879308
                    },
                    {
                        " ": -2.0586169,
                        " The": -2.1523669,
                        " In": -2.2304919,
                        " This": -2.6601794,
                        " Here": -2.9804919
                    },
                    {
                        "100": -2.515848,
                        "93": -2.8205354,
                        "92": -3.172098,
                        "87": -3.281473,
                        "90": -3.297098
                    },
                    {
                        "%": -0.23976828,
                        " %": -2.2397683,
                        " of": -2.3803933,
                        " out": -5.6928935,
                        " min": -6.481956
                    },
                    {
                        " of": -0.008098781,
                        " walk": -6.4455986,
                        " say": -6.937786,
                        " said": -7.4768486,
                        " walked": -7.531536
                    },
                    {
                        " the": -0.21636368,
                        " people": -1.9819887,
                        " those": -3.6773012,
                        " residents": -4.8335514,
                        " our": -5.794489
                    },
                    {
                        " residents": -1.1007227,
                        " locals": -1.1007227,
                        " time": -1.4913477,
                        " local": -3.4210353,
                        " citizens": -4.225723
                    },
                    {
                        " have": -0.7462361,
                        " don": -1.9102986,
                        " who": -2.668111,
                        " walk": -3.1915486,
                        " that": -3.2540486
                    },
                    {
                        " a": -0.81009555,
                        " access": -1.7319705,
                        " driven": -2.9038455,
                        " used": -3.505408,
                        " declared": -3.755408
                    },
                    {
                        " mean": -1.7029997,
                        " ": -1.8358122,
                        " valid": -2.1717496,
                        " personal": -2.5154996,
                        " minimum": -2.585812
                    },
                    {
                        " travel": -0.17092864,
                        " commute": -2.3740537,
                        " time": -4.4521785,
                        " daily": -4.584991,
                        " of": -4.6865535
                    },
                    {
                        " time": -6.392203e-06,
                        " ti": -12.515632,
                        " times": -14.578132,
                        " duration": -14.750007,
                        "...": -15.281257
                    },
                    {
                        " of": -0.007958289,
                        " to": -5.4767084,
                        " in": -5.6485834,
                        " o": -10.297021,
                        "<|endoftext|>": -10.679833
                    },
                    {
                        " ": -0.004145357,
                        " .": -6.4650826,
                        " N": -7.4182076,
                        " .\n\n": -7.4963326,
                        " NaN": -8.199458
                    },
                    {
                        "30": -2.8975866,
                        "26": -3.296024,
                        "24": -3.311649,
                        "22": -3.311649,
                        "29": -3.327274
                    },
                    {
                        " minutes": -0.07494959,
                        ".": -3.364012,
                        "-": -3.973387,
                        "m": -4.7780747,
                        "minutes": -6.4421372
                    },
                    {
                        ".": -0.8441668,
                        ".\n\n": -1.5316668,
                        " or": -1.5785418,
                        " commuting": -2.7504168,
                        " making": -3.7504168
                    }
                ],
                "text_offset": [
                    78,
                    81,
                    86,
                    87,
                    88,
                    91,
                    92,
                    95,
                    99,
                    109,
                    114,
                    116,
                    121,
                    128,
                    133,
                    136,
                    137,
                    139,
                    147
                ]
            },
            "finish_reason": "stop"
        }
    ],
    "usage": {
        "prompt_tokens": 19,
        "completion_tokens": 19,
        "total_tokens": 38
    }
}